cell_id,zone_id,zone_name,latitude,longitude,population,rainfall_mm_day,flood_index,flood_severity,affected_rate,affected_population,evacuation_priority
Z01-001,Z01,North Chennai,13.131165116220927,80.29161443366436,9155,15.7,1.876,Severe,0.03342298469463004,306,1-Critical
Z01-002,Z01,North Chennai,13.121260752414887,80.26856777868123,10268,16.0,2.048,Severe,0.04546196772956664,467,1-Critical
Z01-003,Z01,North Chennai,13.11430835813396,80.26592525982855,11324,9.1,1.009,High,0.023841354287153473,270,3-Medium
Z01-004,Z01,North Chennai,13.089424381420947,80.25433980163083,9211,11.1,1.437,Severe,0.03682184552287942,339,2-High
Z01-005,Z01,North Chennai,13.106549742940668,80.31012822083753,9131,10.4,1.07,High,0.029129179367622455,266,3-Medium
Z01-006,Z01,North Chennai,13.141832130576132,80.28287199585522,9357,10.0,1.056,High,0.03613684059311645,338,3-Medium
Z01-007,Z01,North Chennai,13.125134717980545,80.2841437451941,10925,3.3,0.373,Low,0.02012286845568088,220,4-Low
Z01-008,Z01,North Chennai,13.10276844206978,80.289019769269,10793,11.1,1.454,Severe,0.03816163455133329,412,2-High
Z01-009,Z01,North Chennai,13.094949312376233,80.28035318094969,6709,2.7,0.327,Low,0.01815159530396056,122,4-Low
Z01-010,Z01,North Chennai,13.117294328101817,80.26520654918762,9981,9.5,1.235,High,0.04118569129593316,411,2-High
Z01-011,Z01,North Chennai,13.110713309795347,80.31904479706029,7560,2.8,0.364,Low,0.01909975974362403,144,4-Low
Z01-012,Z01,North Chennai,13.081660140734021,80.28939819927011,9758,3.5,0.461,Low,0.026758955934721797,261,4-Low
Z01-013,Z01,North Chennai,13.180101726363791,80.2858805014905,8958,11.2,1.387,Severe,0.036995087527522445,331,2-High
Z01-014,Z01,North Chennai,13.06052099592834,80.29063124793474,7456,2.6,0.327,Low,0.01315518573287183,98,4-Low
Z01-015,Z01,North Chennai,13.129588999562577,80.29168535006629,11724,15.6,1.952,Severe,0.04202481836719371,493,1-Critical
Z01-016,Z01,North Chennai,13.149229733944924,80.3229254561897,14272,2.8,0.295,Low,0.013963392112593074,199,4-Low
Z01-017,Z01,North Chennai,13.117640776520245,80.28118299774061,14274,10.9,1.188,High,0.026849582880976205,383,2-High
Z01-018,Z01,North Chennai,13.132456324448885,80.27788352546584,9874,2.4,0.243,Low,0.021397032671455395,211,4-Low
Z01-019,Z01,North Chennai,13.095632548519708,80.27064164788224,10750,8.9,0.913,Moderate,0.02999490163583982,322,3-Medium
Z01-020,Z01,North Chennai,13.088160908217002,80.26690908691556,9065,9.3,0.921,Moderate,0.03006707036609156,273,3-Medium
Z01-021,Z01,North Chennai,13.102116056516493,80.26443094950157,11203,8.8,1.038,High,0.036954983046872586,414,3-Medium
Z01-022,Z01,North Chennai,13.091451948179524,80.30639781398807,10602,11.7,1.257,High,0.03354445810552196,356,2-High
Z01-023,Z01,North Chennai,13.152831369482742,80.31669698940621,11007,8.4,1.1,High,0.03255892247165425,358,3-Medium
Z01-024,Z01,North Chennai,13.0828369175966,80.27364492355285,9731,10.9,1.312,High,0.03594778861433988,350,2-High
Z01-025,Z01,North Chennai,13.104146652718505,80.3076199600568,8944,10.8,1.209,High,0.02627989558748193,235,2-High
Z01-026,Z01,North Chennai,13.1516396136242,80.2433238559328,10099,9.9,1.05,High,0.029983679407095044,303,3-Medium
Z01-027,Z01,North Chennai,13.098905710895249,80.30494774360862,12101,9.1,1.12,High,0.028422729755459647,344,3-Medium
Z01-028,Z01,North Chennai,13.10368973449099,80.28244614693386,10083,3.0,0.312,Low,0.015200671678044717,153,4-Low
Z01-029,Z01,North Chennai,13.111172056435036,80.31534593310002,10989,3.5,0.45,Low,0.02293170349568804,252,4-Low
Z01-030,Z01,North Chennai,13.147372599629632,80.26816936127437,6955,9.3,0.94,Moderate,0.02750040703247609,191,3-Medium
Z01-031,Z01,North Chennai,13.135417815547434,80.27413550948143,9566,9.4,1.005,High,0.020140510673321482,193,3-Medium
Z01-032,Z01,North Chennai,13.093992682491832,80.31014277514147,12533,10.9,1.345,High,0.041731707290293185,523,2-High
Z01-033,Z01,North Chennai,13.114595124893734,80.28220507928374,4867,7.8,0.945,Moderate,0.030705330342183035,149,3-Medium
Z01-034,Z01,North Chennai,13.13249464623089,80.28477817508589,9951,2.8,0.306,Low,0.013327763426826574,133,4-Low
Z01-035,Z01,North Chennai,13.129088609965647,80.30112462578649,10525,10.2,1.152,High,0.032193124406030775,339,2-High
Z01-036,Z01,North Chennai,13.12215033851945,80.26311496074656,14817,11.6,1.294,High,0.023761499142485078,352,2-High
Z01-037,Z01,North Chennai,13.139443604107651,80.335100312017,12024,8.6,1.096,High,0.040674511089515225,489,3-Medium
Z01-038,Z01,North Chennai,13.10986151619367,80.29097703945132,11131,8.7,1.074,High,0.034175656478345647,380,3-Medium
Z01-039,Z01,North Chennai,13.11143909156102,80.29201251050551,9230,2.3,0.291,Low,0.005,46,4-Low
Z01-040,Z01,North Chennai,13.131111922225312,80.28775362526545,9168,15.9,1.683,Severe,0.040048107359132876,367,1-Critical
Z01-041,Z01,North Chennai,13.091040425562879,80.29003711726841,12527,21.0,2.744,Severe,0.06313360447793576,791,1-Critical
Z01-042,Z01,North Chennai,13.077258246596005,80.25776859371373,10198,11.4,1.453,Severe,0.04405730030765026,449,2-High
Z01-043,Z01,North Chennai,13.125752003470774,80.31502342362538,9591,9.5,1.193,High,0.028003684810134283,269,2-High
Z01-044,Z01,North Chennai,13.106437782272131,80.30071873330813,12203,14.8,1.454,Severe,0.039482607480531784,482,2-High
Z01-045,Z01,North Chennai,13.13130438053782,80.23993820803798,10666,18.8,2.289,Severe,0.05442243065457444,580,1-Critical
Z01-046,Z01,North Chennai,13.128522284613894,80.23824205696795,11369,8.4,0.884,Moderate,0.028675145598160163,326,3-Medium
Z01-047,Z01,North Chennai,13.117187661697104,80.315151137751,7894,10.6,1.215,High,0.03288958460199511,260,2-High
Z01-048,Z01,North Chennai,13.10205550969146,80.30582555853086,10076,8.1,1.064,High,0.027165931963524168,274,3-Medium
Z01-049,Z01,North Chennai,13.148879074910186,80.29107263003159,8420,14.2,1.486,Severe,0.029928149564716993,252,2-High
Z01-050,Z01,North Chennai,13.120354303316738,80.27800496191595,7394,2.9,0.301,Low,0.01717177570376182,127,4-Low
Z01-051,Z01,North Chennai,13.147385298948727,80.32980123166178,10483,3.4,0.352,Low,0.009127501467695056,96,4-Low
Z01-052,Z01,North Chennai,13.12225083580496,80.29236029738534,8829,8.2,0.87,Moderate,0.024796302254526333,219,3-Medium
Z01-053,Z01,North Chennai,13.10871631231659,80.24802862945718,7300,15.5,1.92,Severe,0.04643485661260014,339,1-Critical
Z01-054,Z01,North Chennai,13.108601016559572,80.3016544998264,9721,3.4,0.434,Low,0.029042816136226404,282,4-Low
Z01-055,Z01,North Chennai,13.075537386257144,80.28751096674065,14128,11.7,1.509,Severe,0.038216901965977566,540,1-Critical
Z01-056,Z01,North Chennai,13.11880589586986,80.27564052234747,7133,2.9,0.344,Low,0.01423319694822111,102,4-Low
Z01-057,Z01,North Chennai,13.1103465788561,80.27794964275995,7756,3.1,0.386,Low,0.022056767364888034,171,4-Low
Z01-058,Z01,North Chennai,13.138534018472429,80.28053063907883,12290,9.3,1.093,High,0.030100034515620433,370,3-Medium
Z01-059,Z01,North Chennai,13.120235622317177,80.26516817005579,8770,3.5,0.431,Low,0.01958338567652088,172,4-Low
Z01-060,Z01,North Chennai,13.128712752985727,80.27273511669209,10265,10.3,1.24,High,0.04535833606331145,466,2-High
Z01-061,Z01,North Chennai,13.12785065070048,80.25015221299849,10654,7.7,0.94,Moderate,0.03198299406324556,341,3-Medium
Z01-062,Z01,North Chennai,13.112996052312935,80.29643136539711,14800,8.4,1.018,High,0.035442278511280165,525,3-Medium
Z01-063,Z01,North Chennai,13.082097053498615,80.29300561756544,11354,2.4,0.261,Low,0.005,57,4-Low
Z01-064,Z01,North Chennai,13.147581672325849,80.30679417537087,12608,16.8,1.975,Severe,0.04150586305721482,523,1-Critical
Z01-065,Z01,North Chennai,13.119262651999488,80.27490075781841,8497,3.3,0.375,Low,0.024829170797065023,211,4-Low
Z01-066,Z01,North Chennai,13.109557666577139,80.26062779042608,11650,18.3,1.966,Severe,0.05364524770789254,625,1-Critical
Z01-067,Z01,North Chennai,13.09556661895119,80.28236143131755,9099,10.1,1.308,High,0.01683479543704718,153,2-High
Z01-068,Z01,North Chennai,13.094222708958311,80.28736340961929,14852,3.4,0.396,Low,0.013269627870755155,197,4-Low
Z01-069,Z01,North Chennai,13.122682945040046,80.3015878672311,12018,2.9,0.339,Low,0.01015945541635829,122,4-Low
Z01-070,Z01,North Chennai,13.102433976061247,80.27343325778051,11101,9.6,1.08,High,0.03680136659794495,409,3-Medium
Z01-071,Z01,North Chennai,13.137796791951056,80.2906265166996,9001,2.8,0.283,Low,0.012580521897666126,113,4-Low
Z01-072,Z01,North Chennai,13.101539344776786,80.30297591557755,15551,2.7,0.309,Low,0.01559751048231363,243,4-Low
Z01-073,Z01,North Chennai,13.109428566612872,80.31696344019646,18974,9.1,1.076,High,0.02152092697864037,408,3-Medium
Z01-074,Z01,North Chennai,13.081789867240422,80.27349367193591,8937,10.9,1.118,High,0.03390200765059827,303,3-Medium
Z01-075,Z01,North Chennai,13.123084539987904,80.2754338897171,9692,9.0,1.104,High,0.03771903311763676,366,3-Medium
Z01-076,Z01,North Chennai,13.125075505191914,80.290119553854,9190,2.9,0.377,Low,0.01666507353433939,153,4-Low
Z01-077,Z01,North Chennai,13.133496101888863,80.27862862362265,8630,8.3,0.859,Moderate,0.023611657305139123,204,3-Medium
Z01-078,Z01,North Chennai,13.113463163447175,80.27149183071676,9701,2.8,0.306,Low,0.011554930972507472,112,4-Low
Z01-079,Z01,North Chennai,13.112533105090023,80.28695463704693,10643,10.4,1.337,High,0.034984944709466205,372,2-High
Z01-080,Z01,North Chennai,13.101443500104256,80.28515063029107,7455,11.3,1.226,High,0.03087070062137036,230,2-High
Z01-081,Z01,North Chennai,13.106484362631877,80.2998514999249,7214,15.9,2.003,Severe,0.040166625574056286,290,1-Critical
Z01-082,Z01,North Chennai,13.12511508847743,80.2791875435923,8177,18.7,2.35,Severe,0.063987483453763,523,1-Critical
Z01-083,Z01,North Chennai,13.137933430692781,80.3017542097372,7588,15.9,1.816,Severe,0.04083399063629089,310,1-Critical
Z01-084,Z01,North Chennai,13.102815936188295,80.28360844063985,10181,11.0,1.178,High,0.030931652575044707,315,2-High
Z01-085,Z01,North Chennai,13.135503048702867,80.27783921983088,9179,9.0,0.927,Moderate,0.024083771194693078,221,3-Medium
Z01-086,Z01,North Chennai,13.124457239273719,80.28111458098569,12167,3.3,0.38,Low,0.029648897061847992,361,4-Low
Z01-087,Z01,North Chennai,13.121179056661626,80.28138230466595,12615,2.7,0.337,Low,0.024808444062630726,313,4-Low
Z01-088,Z01,North Chennai,13.11853720049128,80.26315833911133,10693,2.7,0.329,Low,0.0071277780128635275,76,4-Low
Z01-089,Z01,North Chennai,13.092074141755129,80.29756668634381,9383,7.7,0.898,Moderate,0.03621882066371459,340,3-Medium
Z01-090,Z01,North Chennai,13.087790366223242,80.31905641791265,8629,3.5,0.359,Low,0.020641399499586988,178,4-Low
Z01-091,Z01,North Chennai,13.093943460142368,80.235101563109,11075,2.8,0.29,Low,0.02146712122508309,238,4-Low
Z01-092,Z01,North Chennai,13.1474484781046,80.30033402905538,11816,9.6,1.001,High,0.034766114612444464,411,3-Medium
Z01-093,Z01,North Chennai,13.116415872540806,80.28371283375898,9396,3.3,0.341,Low,0.015386860256668067,145,4-Low
Z01-094,Z01,North Chennai,13.118318162635942,80.26194365767284,11555,2.5,0.316,Low,0.005,58,4-Low
Z01-095,Z01,North Chennai,13.126738365321165,80.25596363291613,8717,2.3,0.252,Low,0.005803148077897988,51,4-Low
Z01-096,Z01,North Chennai,13.11019387416725,80.29295361643175,7025,7.8,0.997,Moderate,0.02542834947689476,179,3-Medium
Z01-097,Z01,North Chennai,13.12876171020992,80.2804813780695,10848,10.8,1.42,Severe,0.024235296058950303,263,2-High
Z01-098,Z01,North Chennai,13.133657493994582,80.30249983857749,16142,21.7,2.4,Severe,0.06015948982243178,971,1-Critical
Z01-099,Z01,North Chennai,13.11802719036933,80.27391653875499,7562,8.7,1.144,High,0.028132201908470378,213,3-Medium
Z01-100,Z01,North Chennai,13.119621097420463,80.29292255450679,11553,11.4,1.476,Severe,0.03477456341105663,402,2-High
Z02-001,Z02,Central Chennai,13.09376640630886,80.23213342064281,13884,9.8,1.049,High,0.036134499028113234,502,3-Medium
Z02-002,Z02,Central Chennai,13.1107298287315,80.24560984431375,10164,2.6,0.269,Low,0.020074353976191568,204,4-Low
Z02-003,Z02,Central Chennai,13.099126032475883,80.27507248494706,8082,3.5,0.365,Low,0.01643890206169588,133,4-Low
Z02-004,Z02,Central Chennai,13.063300639818806,80.27526126522345,9639,2.7,0.301,Low,0.029051263246364017,280,4-Low
Z02-005,Z02,Central Chennai,13.082044679925819,80.25917080463707,8681,7.8,0.728,Moderate,0.016083111122027923,140,4-Low
Z02-006,Z02,Central Chennai,13.096494930118114,80.25141978922098,11205,2.6,0.227,Low,0.005021104667955053,56,4-Low
Z02-007,Z02,Central Chennai,13.074639044272674,80.25732963083809,10893,10.2,1.13,High,0.03788900310770178,413,3-Medium
Z02-008,Z02,Central Chennai,13.037124154194505,80.26313992635359,8594,11.3,1.24,High,0.0314802886245512,271,2-High
Z02-009,Z02,Central Chennai,13.101265614444282,80.26787289231096,7395,3.4,0.308,Low,0.020997882382216594,155,4-Low
Z02-010,Z02,Central Chennai,13.068040884234659,80.2666484295479,8585,9.1,0.859,Moderate,0.03228163424061588,277,3-Medium
Z02-011,Z02,Central Chennai,13.08156525691827,80.26705125852251,7904,3.0,0.297,Low,0.006094647073470299,48,4-Low
Z02-012,Z02,Central Chennai,13.085022228174857,80.23259212756062,12341,21.4,2.234,Severe,0.03893701626425007,481,1-Critical
Z02-013,Z02,Central Chennai,13.087205952937982,80.26335771101043,8178,2.7,0.263,Low,0.025649572153342237,210,4-Low
Z02-014,Z02,Central Chennai,13.080638622597215,80.25877901417911,10978,11.9,1.157,High,0.03802058804853164,417,2-High
Z02-015,Z02,Central Chennai,13.086308537921921,80.2429738630831,8268,3.2,0.319,Low,0.005,41,4-Low
Z02-016,Z02,Central Chennai,13.07473388433423,80.30008031460024,10511,16.7,1.562,Severe,0.04544088234145311,478,1-Critical
Z02-017,Z02,Central Chennai,13.100327083903949,80.27597689672596,12519,10.3,0.895,Moderate,0.030607542913828424,383,3-Medium
Z02-018,Z02,Central Chennai,13.065711875169852,80.27710670616996,15908,11.4,0.987,Moderate,0.03502999045363825,557,3-Medium
Z02-019,Z02,Central Chennai,13.05642513074325,80.24258982728055,8963,10.2,1.165,High,0.02939682599448166,263,2-High
Z02-020,Z02,Central Chennai,13.052040293332043,80.27898131623485,8239,2.7,0.271,Low,0.012390038645014015,102,4-Low
Z02-021,Z02,Central Chennai,13.10998123487569,80.26903867221638,10262,2.8,0.258,Low,0.025182511208239614,258,4-Low
Z02-022,Z02,Central Chennai,13.076569240954727,80.26983628716911,11517,8.1,0.899,Moderate,0.02493148937927903,287,3-Medium
Z02-023,Z02,Central Chennai,13.073374216989567,80.26482139163868,9345,3.5,0.362,Low,0.0205745703292422,192,4-Low
Z02-024,Z02,Central Chennai,13.077606985156043,80.29223033228303,10435,10.1,1.093,High,0.02629520417699607,274,3-Medium
Z02-025,Z02,Central Chennai,13.054865243625372,80.26908846255938,10368,2.9,0.248,Low,0.016967610371408176,176,4-Low
Z02-026,Z02,Central Chennai,13.036755138693707,80.27700816577305,5135,3.5,0.341,Low,0.017806056732377274,91,4-Low
Z02-027,Z02,Central Chennai,13.09248682441677,80.29681858313127,14797,8.1,0.921,Moderate,0.018074435893912846,267,3-Medium
Z02-028,Z02,Central Chennai,13.11253390990362,80.25357929092357,10595,16.6,1.669,Severe,0.04289206049333574,454,1-Critical
Z02-029,Z02,Central Chennai,13.086232431670808,80.25869224134044,9865,3.1,0.323,Low,0.013284930571606499,131,4-Low
Z02-030,Z02,Central Chennai,13.062490099492267,80.25834187611548,10389,11.2,0.98,Moderate,0.021783766257418145,226,3-Medium
Z02-031,Z02,Central Chennai,13.069813611183903,80.28214401392667,8548,10.1,0.956,Moderate,0.029584784119867712,253,3-Medium
Z02-032,Z02,Central Chennai,13.106821379665536,80.26781556187196,7834,8.3,0.775,Moderate,0.028222380311939077,221,3-Medium
Z02-033,Z02,Central Chennai,13.062652870111895,80.25491053886637,10926,2.5,0.255,Low,0.01603082492907856,175,4-Low
Z02-034,Z02,Central Chennai,13.078856633576125,80.29419867322115,9936,10.0,0.886,Moderate,0.02201488598134856,219,3-Medium
Z02-035,Z02,Central Chennai,13.08974866871079,80.27251058824488,8327,8.0,0.863,Moderate,0.021000821968113922,175,3-Medium
Z02-036,Z02,Central Chennai,13.078315251203435,80.29915666049617,7520,18.3,1.69,Severe,0.04089711139877829,308,1-Critical
Z02-037,Z02,Central Chennai,13.051304198491746,80.25078036292993,5386,11.8,1.16,High,0.032420291635541706,175,2-High
Z02-038,Z02,Central Chennai,13.042742710174222,80.2920209029945,7027,11.2,0.999,Moderate,0.033169982716672826,233,3-Medium
Z02-039,Z02,Central Chennai,13.081383655825672,80.28788947307012,10295,2.8,0.285,Low,0.014371488464145425,148,4-Low
Z02-040,Z02,Central Chennai,13.046054330260231,80.2703618725937,8890,8.2,0.839,Moderate,0.034546355164612415,307,3-Medium
Z02-041,Z02,Central Chennai,13.065545298134337,80.30476989740552,8229,10.6,1.068,High,0.027937960934547618,230,3-Medium
Z02-042,Z02,Central Chennai,13.072350069559292,80.28211090547275,5634,15.7,1.787,Severe,0.036358962738319685,205,1-Critical
Z02-043,Z02,Central Chennai,13.076270196279701,80.26774224880319,8869,8.6,0.98,Moderate,0.02410121141723641,214,3-Medium
Z02-044,Z02,Central Chennai,13.02752537573175,80.27885805987387,8673,10.6,0.958,Moderate,0.023576429393911212,204,3-Medium
Z02-045,Z02,Central Chennai,13.060770731886809,80.2818101476048,9296,15.0,1.352,Severe,0.022732750756797614,211,2-High
Z02-046,Z02,Central Chennai,13.074924323563875,80.27675487546333,12711,17.9,1.768,Severe,0.037556305488711215,477,1-Critical
Z02-047,Z02,Central Chennai,13.086615118716438,80.27498197248185,7437,8.5,0.926,Moderate,0.03212508370462763,239,3-Medium
Z02-048,Z02,Central Chennai,13.037040700943809,80.29490086088416,9122,3.0,0.297,Low,0.01855142645421224,169,4-Low
Z02-049,Z02,Central Chennai,13.054263325609051,80.28536535040202,8856,2.4,0.229,Low,0.021776114239458248,193,4-Low
Z02-050,Z02,Central Chennai,13.073498923965182,80.23203315834783,8435,11.7,1.274,High,0.025134511809266485,212,2-High
Z02-051,Z02,Central Chennai,13.085647413833271,80.26131968913819,9003,3.3,0.369,Low,0.023683269742691887,213,4-Low
Z02-052,Z02,Central Chennai,13.073959360275486,80.27492276523404,14587,9.0,0.962,Moderate,0.038354839309258426,559,3-Medium
Z02-053,Z02,Central Chennai,13.088080450850015,80.3012508840639,8078,8.9,0.95,Moderate,0.022979951560734103,186,3-Medium
Z02-054,Z02,Central Chennai,13.10303205693757,80.30118909417601,8513,2.6,0.25,Low,0.012647940720253551,108,4-Low
Z02-055,Z02,Central Chennai,13.054533400303416,80.28700950616725,7577,19.1,2.171,Severe,0.049398206332578326,374,1-Critical
Z02-056,Z02,Central Chennai,13.104485666692575,80.25092901149452,9891,19.0,1.783,Severe,0.04005700141228842,396,1-Critical
Z02-057,Z02,Central Chennai,13.06033777138476,80.29916476229644,9171,9.2,0.99,Moderate,0.02644296185384336,243,3-Medium
Z02-058,Z02,Central Chennai,13.097710785780828,80.26927275665368,10699,11.4,1.025,High,0.03227453829624233,345,3-Medium
Z02-059,Z02,Central Chennai,13.073142095788397,80.29208653229986,10329,7.7,0.85,Moderate,0.023657201194165436,244,3-Medium
Z02-060,Z02,Central Chennai,13.076504100422042,80.25294869331294,9833,8.8,0.901,Moderate,0.019060284344367916,187,3-Medium
Z02-061,Z02,Central Chennai,13.0558484130333,80.27970900829467,7761,11.4,1.133,High,0.04272217045264252,332,3-Medium
Z02-062,Z02,Central Chennai,13.099181568130774,80.2521075609402,12275,11.2,1.111,High,0.027955230283216566,343,3-Medium
Z02-063,Z02,Central Chennai,13.090659496853633,80.22405535804344,11843,17.9,1.973,Severe,0.04188662046946729,496,1-Critical
Z02-064,Z02,Central Chennai,13.079543995111612,80.28195752011595,7585,16.4,1.634,Severe,0.036550257035179515,277,1-Critical
Z02-065,Z02,Central Chennai,13.087806839513663,80.27187601460346,13765,11.6,1.296,High,0.027757860505777623,382,2-High
Z02-066,Z02,Central Chennai,13.084775629464067,80.2756065722407,15436,2.3,0.245,Low,0.015793129379067357,244,4-Low
Z02-067,Z02,Central Chennai,13.045871897827057,80.24018038795899,9073,9.5,1.074,High,0.02039395652069626,185,3-Medium
Z02-068,Z02,Central Chennai,13.088569527321507,80.30870263649294,8379,11.1,1.254,High,0.037370107234136016,313,2-High
Z02-069,Z02,Central Chennai,13.07959253804526,80.30631586864408,11440,8.9,0.792,Moderate,0.034663497148650496,397,3-Medium
Z02-070,Z02,Central Chennai,13.083052991514565,80.32437458407195,8451,9.5,0.862,Moderate,0.015457384343826652,131,3-Medium
Z02-071,Z02,Central Chennai,13.064432845475839,80.28066734934083,9288,15.9,1.368,Severe,0.027560697601275292,256,2-High
Z02-072,Z02,Central Chennai,13.069640764490362,80.2779815311781,9585,11.3,1.124,High,0.02075860031438045,199,3-Medium
Z02-073,Z02,Central Chennai,13.089068348660748,80.29678665059741,7493,10.3,1.026,High,0.03127197130269884,234,3-Medium
Z02-074,Z02,Central Chennai,13.089020474427489,80.2743113511988,8062,8.2,0.733,Moderate,0.015697278470029878,127,4-Low
Z02-075,Z02,Central Chennai,13.090692574858075,80.26553742996703,14972,19.7,1.743,Severe,0.04091116314796257,613,1-Critical
Z02-076,Z02,Central Chennai,13.06670812749129,80.26380017097839,8150,3.4,0.349,Low,0.01021441442324976,83,4-Low
Z02-077,Z02,Central Chennai,13.086498322773862,80.24309498396607,8493,14.9,1.521,Severe,0.02971959584240705,252,1-Critical
Z02-078,Z02,Central Chennai,13.074414318464651,80.25223915297455,13039,19.0,1.854,Severe,0.04132596432835256,539,1-Critical
Z02-079,Z02,Central Chennai,13.0581750247008,80.25476874911433,11243,11.7,1.207,High,0.025732018911338292,289,2-High
Z02-080,Z02,Central Chennai,13.072423782246451,80.30020974348515,10328,8.2,0.721,Moderate,0.033133089181944506,342,4-Low
Z02-081,Z02,Central Chennai,13.0854553550675,80.27752555704662,7984,10.2,0.964,Moderate,0.018410778206690338,147,3-Medium
Z02-082,Z02,Central Chennai,13.088761632594704,80.28136733237639,12485,9.7,0.85,Moderate,0.034893233727120776,436,3-Medium
Z02-083,Z02,Central Chennai,13.0757627454667,80.24879785932197,11466,19.9,2.073,Severe,0.051258375532283414,588,1-Critical
Z02-084,Z02,Central Chennai,13.094824223706103,80.23853975132029,8945,2.6,0.26,Low,0.0222530733928669,199,4-Low
Z02-085,Z02,Central Chennai,13.08463833655048,80.2659393350888,10342,2.8,0.276,Low,0.016308668611890276,169,4-Low
Z02-086,Z02,Central Chennai,13.074579681455688,80.2857437534281,10591,10.4,1.117,High,0.024892852369411647,264,3-Medium
Z02-087,Z02,Central Chennai,13.09726823594152,80.24863462289574,13456,10.3,1.02,High,0.04104153150139353,552,3-Medium
Z02-088,Z02,Central Chennai,13.071925539607472,80.29698479588603,7358,21.4,2.28,Severe,0.056715053326286013,417,1-Critical
Z02-089,Z02,Central Chennai,13.045496803494906,80.24425767270921,8731,3.2,0.358,Low,0.010140199385101243,89,4-Low
Z02-090,Z02,Central Chennai,13.073919933324955,80.28744940681558,13557,11.4,1.006,High,0.028416438481782224,385,3-Medium
Z02-091,Z02,Central Chennai,13.048272350889363,80.24991850069915,10155,2.7,0.255,Low,0.0170337270192444,173,4-Low
Z02-092,Z02,Central Chennai,13.078989225934995,80.26439187864541,12239,7.8,0.674,Moderate,0.02372112500763988,290,4-Low
Z02-093,Z02,Central Chennai,13.056653321853318,80.25158177802975,10168,2.3,0.235,Low,0.016393739373210654,167,4-Low
Z02-094,Z02,Central Chennai,13.086381606623073,80.24777653052031,8673,11.2,1.226,High,0.035775621781636735,310,2-High
Z02-095,Z02,Central Chennai,13.067777323336442,80.26224189782936,7105,18.0,1.678,Severe,0.042896572102573735,305,1-Critical
Z02-096,Z02,Central Chennai,13.07994959927376,80.26123699327937,9498,11.0,0.994,Moderate,0.023396054583517366,222,3-Medium
Z02-097,Z02,Central Chennai,13.075426448467583,80.27374766478042,10700,2.5,0.252,Low,0.018837590122615037,202,4-Low
Z02-098,Z02,Central Chennai,13.08375123274394,80.29321257960815,10147,18.7,1.676,Severe,0.03912213655134494,397,1-Critical
Z02-099,Z02,Central Chennai,13.062727611404911,80.25935802895133,6344,19.0,1.67,Severe,0.03324740463325605,211,1-Critical
Z02-100,Z02,Central Chennai,13.061595531051701,80.23769029301648,10557,8.0,0.901,Moderate,0.024395303308983547,258,3-Medium
Z03-001,Z03,Adyar,12.999233010569963,80.25667035320352,7928,9.1,0.919,Moderate,0.028380108158922383,225,3-Medium
Z03-002,Z03,Adyar,13.000038844948207,80.2500915276785,9472,2.8,0.271,Low,0.01944903788767645,184,4-Low
Z03-003,Z03,Adyar,13.031327796091324,80.25573545211196,12047,3.1,0.373,Low,0.013843717117632255,167,4-Low
Z03-004,Z03,Adyar,13.010271317013576,80.25854683526033,7854,2.9,0.364,Low,0.024177740633404006,190,4-Low
Z03-005,Z03,Adyar,13.016379976401366,80.25469654871797,9297,3.3,0.317,Low,0.009999333578696899,93,4-Low
Z03-006,Z03,Adyar,12.994228796334914,80.23880240144027,6858,8.4,0.975,Moderate,0.017468610293941894,120,3-Medium
Z03-007,Z03,Adyar,13.025807511193312,80.22913115986046,8306,2.9,0.277,Low,0.03172543195433285,264,4-Low
Z03-008,Z03,Adyar,12.998811971065773,80.22643283585505,7813,9.8,1.115,High,0.026438800553672013,207,3-Medium
Z03-009,Z03,Adyar,13.030440707883791,80.25343964601892,11601,8.6,0.974,Moderate,0.03561138884537271,413,3-Medium
Z03-010,Z03,Adyar,12.986240921038224,80.26636068861248,6351,20.9,1.997,Severe,0.04718775304737377,300,1-Critical
Z03-011,Z03,Adyar,12.951546444662599,80.24858400560667,7302,16.2,1.526,Severe,0.04778937325161071,349,1-Critical
Z03-012,Z03,Adyar,13.013045167112189,80.2749735926371,9147,2.7,0.319,Low,0.015853244031431173,145,4-Low
Z03-013,Z03,Adyar,13.010377002957048,80.23692967789319,8255,2.8,0.345,Low,0.02825971155400144,233,4-Low
Z03-014,Z03,Adyar,13.029336446036694,80.24643419352529,14343,7.7,0.916,Moderate,0.030041403903311788,431,3-Medium
Z03-015,Z03,Adyar,12.992322493751642,80.25338274802512,7131,11.7,1.29,High,0.040284308659983475,287,2-High
Z03-016,Z03,Adyar,13.015135572849777,80.23229395203164,7930,14.4,1.564,Severe,0.04843676234554385,384,1-Critical
Z03-017,Z03,Adyar,13.022496166541304,80.25552561304438,6538,8.2,0.848,Moderate,0.025153137116974516,164,3-Medium
Z03-018,Z03,Adyar,13.00576672959899,80.24579169147844,12004,2.6,0.311,Low,0.005,60,4-Low
Z03-019,Z03,Adyar,12.971230868327346,80.25751852887016,9565,10.2,1.104,High,0.025547906016422876,244,3-Medium
Z03-020,Z03,Adyar,12.987140127873232,80.2332437362537,11559,10.7,1.063,High,0.020986039919546142,243,3-Medium
Z03-021,Z03,Adyar,12.983374916132119,80.24030390881373,9769,9.6,1.013,High,0.026168376177719804,256,3-Medium
Z03-022,Z03,Adyar,13.034261501883444,80.22965674177605,9012,3.1,0.328,Low,0.01006819951784598,91,4-Low
Z03-023,Z03,Adyar,13.025853207874375,80.24414365372701,10250,10.3,1.1,High,0.030822504713910584,316,3-Medium
Z03-024,Z03,Adyar,13.009206056656165,80.26458541290854,7522,21.7,2.608,Severe,0.04317078565100229,325,1-Critical
Z03-025,Z03,Adyar,13.01166018734412,80.29047791700138,8347,8.2,0.884,Moderate,0.023807295460998933,199,3-Medium
Z03-026,Z03,Adyar,13.049833723433856,80.2389207983226,8076,10.4,1.284,High,0.03860264188834149,312,2-High
Z03-027,Z03,Adyar,13.030444604374514,80.25140548250825,10487,21.4,2.062,Severe,0.04090050798436101,429,1-Critical
Z03-028,Z03,Adyar,12.995266033706507,80.25708439169607,9177,10.7,1.351,Severe,0.04065655533669405,373,2-High
Z03-029,Z03,Adyar,13.027947879925225,80.23571804446291,7486,17.6,2.017,Severe,0.046973087913891716,352,1-Critical
Z03-030,Z03,Adyar,13.044707905592599,80.26800706537259,4932,3.3,0.376,Low,0.0156427573636037,77,4-Low
Z03-031,Z03,Adyar,13.018835875807445,80.24840898319383,9581,15.5,1.923,Severe,0.041591193167827584,398,1-Critical
Z03-032,Z03,Adyar,13.017870818554751,80.26605080429985,10734,8.4,0.976,Moderate,0.02229448118801778,239,3-Medium
Z03-033,Z03,Adyar,13.025994802226547,80.29811422421392,7429,9.2,1.11,High,0.02367770595922265,176,3-Medium
Z03-034,Z03,Adyar,13.022867364361685,80.23731356846649,10878,10.0,1.039,High,0.029140120697782063,317,3-Medium
Z03-035,Z03,Adyar,13.01560066868617,80.23842955326037,8862,10.9,1.353,Severe,0.02581108733895908,229,2-High
Z03-036,Z03,Adyar,13.008125825477025,80.27165302000498,7956,15.6,1.74,Severe,0.03872586394695967,308,1-Critical
Z03-037,Z03,Adyar,13.017384511953477,80.2816743878983,7812,9.4,0.947,Moderate,0.019579371567474118,153,3-Medium
Z03-038,Z03,Adyar,12.975789352182003,80.25312020236098,6341,2.8,0.342,Low,0.010424259657814856,66,4-Low
Z03-039,Z03,Adyar,13.00572477639243,80.26675966216142,6424,9.7,1.115,High,0.02903757757672501,187,3-Medium
Z03-040,Z03,Adyar,13.039959558729032,80.27742853649352,6101,2.8,0.35,Low,0.014030409356480577,86,4-Low
Z03-041,Z03,Adyar,12.98695660102834,80.2692815423395,10837,16.0,1.96,Severe,0.047163814099263214,511,1-Critical
Z03-042,Z03,Adyar,13.000099456121454,80.26855841162464,6294,10.7,1.316,High,0.04014897768633606,253,2-High
Z03-043,Z03,Adyar,13.00377183709053,80.24811841669079,8560,2.9,0.345,Low,0.02410750844543709,206,4-Low
Z03-044,Z03,Adyar,12.994078073680836,80.27076963033444,8976,3.4,0.367,Low,0.014803171879835255,133,4-Low
Z03-045,Z03,Adyar,13.00219227173118,80.27125290679936,8822,16.1,1.719,Severe,0.05586184579447308,493,1-Critical
Z03-046,Z03,Adyar,13.02316739299042,80.25271583156282,9767,7.8,0.735,Moderate,0.02022365184379535,198,4-Low
Z03-047,Z03,Adyar,13.018088708563274,80.2644036878861,11069,3.2,0.344,Low,0.016247436872860798,180,4-Low
Z03-048,Z03,Adyar,12.993117452155714,80.25439413409637,8383,8.5,1.042,High,0.027360560605201815,229,3-Medium
Z03-049,Z03,Adyar,13.005733750322042,80.24123687551962,8392,3.5,0.35,Low,0.005,42,4-Low
Z03-050,Z03,Adyar,12.99599624382391,80.26798044210575,11104,18.1,1.983,Severe,0.03976571269845487,442,1-Critical
Z03-051,Z03,Adyar,13.00067185228532,80.26434506153228,7306,9.4,1.131,High,0.03245797982613194,237,3-Medium
Z03-052,Z03,Adyar,13.003541080697493,80.21208598995253,9140,11.3,1.407,Severe,0.030723080640023867,281,2-High
Z03-053,Z03,Adyar,12.989658842401111,80.26629213306734,11144,11.3,1.347,High,0.03651465908685247,407,2-High
Z03-054,Z03,Adyar,13.027357442681884,80.24422001756248,7025,2.7,0.282,Low,0.01915149101419589,135,4-Low
Z03-055,Z03,Adyar,13.048713164984598,80.25740053260202,12398,8.2,1.001,High,0.02034683626328349,252,3-Medium
Z03-056,Z03,Adyar,13.033761120440097,80.2343133351646,8270,20.8,2.571,Severe,0.05725989854595542,474,1-Critical
Z03-057,Z03,Adyar,12.998235636007525,80.21944185379458,7062,11.0,1.322,High,0.030671438079054224,217,2-High
Z03-058,Z03,Adyar,13.036598538470239,80.2430618467175,9246,2.7,0.289,Low,0.01059362352984038,98,4-Low
Z03-059,Z03,Adyar,13.006977029958984,80.2689416438719,7119,3.0,0.355,Low,0.016925528088903775,120,4-Low
Z03-060,Z03,Adyar,12.963031921660605,80.25674605836517,7760,8.5,0.89,Moderate,0.02867655554179415,223,3-Medium
Z03-061,Z03,Adyar,13.022789359633112,80.25368161523804,10618,10.0,1.263,High,0.040276939466002915,428,2-High
Z03-062,Z03,Adyar,13.023553915192723,80.23541358613798,7208,3.0,0.303,Low,0.01260552681372752,91,4-Low
Z03-063,Z03,Adyar,13.030315120744099,80.21729336990558,8700,10.4,1.249,High,0.027689614044497456,241,2-High
Z03-064,Z03,Adyar,13.018946570330103,80.23772954588972,11067,3.1,0.327,Low,0.008417540677855991,93,4-Low
Z03-065,Z03,Adyar,13.02756253543326,80.2842678424296,10710,14.1,1.711,Severe,0.04049828050129249,434,1-Critical
Z03-066,Z03,Adyar,13.031616751721277,80.27392352037984,8368,2.6,0.285,Low,0.018215399169255,152,4-Low
Z03-067,Z03,Adyar,13.02013431124584,80.24622588610605,17789,2.5,0.31,Low,0.018583790975718172,331,4-Low
Z03-068,Z03,Adyar,12.997433484425295,80.21564607793357,10530,2.5,0.239,Low,0.005,53,4-Low
Z03-069,Z03,Adyar,12.98387724107557,80.26888730534108,10128,8.9,0.873,Moderate,0.016457680724454082,167,3-Medium
Z03-070,Z03,Adyar,12.991016549814512,80.26679377967538,8101,17.1,1.736,Severe,0.04499987152952379,365,1-Critical
Z03-071,Z03,Adyar,13.032198474497607,80.28072022521258,11069,9.8,1.131,High,0.028636041020081483,317,3-Medium
Z03-072,Z03,Adyar,12.999542777312477,80.27759666634311,8568,3.5,0.404,Low,0.01105762402590783,95,4-Low
Z03-073,Z03,Adyar,13.007451414277122,80.29199895315048,9273,14.6,1.366,Severe,0.034318976353494644,318,2-High
Z03-074,Z03,Adyar,13.024366945565511,80.23737774592539,6648,2.3,0.216,Low,0.02109909694630187,140,4-Low
Z03-075,Z03,Adyar,13.015423645731417,80.25052812434983,6139,8.1,0.917,Moderate,0.019314578570917784,119,3-Medium
Z03-076,Z03,Adyar,13.010764229318612,80.27725695309135,14497,2.6,0.288,Low,0.019647365721382096,285,4-Low
Z03-077,Z03,Adyar,12.996972766770693,80.25914041044351,8192,10.7,1.14,High,0.036097431960863735,296,3-Medium
Z03-078,Z03,Adyar,12.995023038661044,80.28719021916952,10779,11.6,1.346,High,0.03667408650453731,395,2-High
Z03-079,Z03,Adyar,12.983576255377308,80.24938325457968,9111,10.3,1.203,High,0.034959494507650755,319,2-High
Z03-080,Z03,Adyar,13.021868154545365,80.25367440909918,8672,14.0,1.681,Severe,0.0445468246181276,386,1-Critical
Z03-081,Z03,Adyar,13.012304601071298,80.2435048506334,7611,15.6,1.904,Severe,0.049542739122214935,377,1-Critical
Z03-082,Z03,Adyar,13.02960851075057,80.29362855823804,7113,10.0,0.982,Moderate,0.028162696356000005,200,3-Medium
Z03-083,Z03,Adyar,12.984613582479177,80.22517336866096,10781,3.5,0.372,Low,0.014221592502543593,153,4-Low
Z03-084,Z03,Adyar,13.070289324391652,80.2504263664826,9036,16.1,1.874,Severe,0.048317612806084265,437,1-Critical
Z03-085,Z03,Adyar,13.010007452580977,80.24833006838455,7650,2.4,0.276,Low,0.015760718151371318,121,4-Low
Z03-086,Z03,Adyar,12.98133459794715,80.25661870514585,6333,9.4,1.173,High,0.04449224654653711,282,2-High
Z03-087,Z03,Adyar,13.010177264889814,80.24259298056622,6171,2.8,0.29,Low,0.01802297389245504,111,4-Low
Z03-088,Z03,Adyar,12.998830404663098,80.23335817467435,7818,10.9,1.267,High,0.037716582239523844,295,2-High
Z03-089,Z03,Adyar,13.033697462278957,80.25478069452873,8243,3.1,0.337,Low,0.014292476922170451,118,4-Low
Z03-090,Z03,Adyar,12.997584300108917,80.25988396208507,9976,9.7,1.065,High,0.02507844870673115,250,3-Medium
Z03-091,Z03,Adyar,12.965723113403634,80.26509642119126,5277,14.0,1.641,Severe,0.0399523943148964,211,1-Critical
Z03-092,Z03,Adyar,12.980543112503273,80.22859579359486,12472,2.6,0.305,Low,0.014609120417379492,182,4-Low
Z03-093,Z03,Adyar,13.040490694034153,80.25382357708938,12241,10.9,1.203,High,0.025073914855835565,307,2-High
Z03-094,Z03,Adyar,13.019947068718402,80.27101972051095,13465,9.1,0.851,Moderate,0.02689716881615377,362,3-Medium
Z03-095,Z03,Adyar,13.004862230664543,80.25975531159422,10014,9.0,0.915,Moderate,0.032473621015397296,325,3-Medium
Z03-096,Z03,Adyar,13.023897894661706,80.25713527564342,5806,3.0,0.31,Low,0.015521480448899335,90,4-Low
Z03-097,Z03,Adyar,12.983770430538083,80.26140217384332,7340,17.1,2.128,Severe,0.05195957289692977,381,1-Critical
Z03-098,Z03,Adyar,13.014978225376268,80.24552388126838,11785,2.5,0.301,Low,0.013503335534906147,159,4-Low
Z03-099,Z03,Adyar,12.970659219607878,80.24285312534937,8326,10.6,1.224,High,0.027826933876587766,232,2-High
Z03-100,Z03,Adyar,13.008238443757271,80.22890759784144,8268,14.0,1.498,Severe,0.039037402157635105,323,2-High
Z04-001,Z04,Velachery,12.974174433955382,80.18663116354054,9954,3.0,0.429,Low,0.015206542228654613,151,4-Low
Z04-002,Z04,Velachery,12.97644952390884,80.2107206538343,11976,3.0,0.325,Low,0.012688630993521214,152,4-Low
Z04-003,Z04,Velachery,13.002952014637957,80.19544209177263,9399,19.2,2.32,Severe,0.05166649726966992,486,1-Critical
Z04-004,Z04,Velachery,12.989512280825222,80.20179358957026,13911,3.1,0.387,Low,0.02478049511227573,345,4-Low
Z04-005,Z04,Velachery,12.961746503877503,80.2390240240655,10861,2.3,0.309,Low,0.022186385758052634,241,4-Low
Z04-006,Z04,Velachery,13.016251054013377,80.21381508258936,8343,2.7,0.297,Low,0.017944950084615847,150,4-Low
Z04-007,Z04,Velachery,12.998605640478996,80.18612176016254,8413,19.9,2.357,Severe,0.05654861143461562,476,1-Critical
Z04-008,Z04,Velachery,13.004762874002925,80.20934086639483,8221,7.7,1.072,High,0.035238783194379904,290,3-Medium
Z04-009,Z04,Velachery,12.974756694556083,80.1945876204364,10208,11.5,1.319,High,0.034169583932847095,349,2-High
Z04-010,Z04,Velachery,12.972980180775265,80.20813506892303,10946,16.1,1.901,Severe,0.04206117345517365,460,1-Critical
Z04-011,Z04,Velachery,12.97236683774902,80.19043708360863,8041,10.2,1.115,High,0.03550902563772466,286,3-Medium
Z04-012,Z04,Velachery,12.968508492560137,80.24847446203223,12939,3.5,0.375,Low,0.011511028877447822,149,4-Low
Z04-013,Z04,Velachery,12.967981652172337,80.2518410681275,12290,10.6,1.147,High,0.039437417699022315,485,3-Medium
Z04-014,Z04,Velachery,12.98903836763119,80.20374599965955,12900,11.5,1.562,Severe,0.03560886890314892,459,1-Critical
Z04-015,Z04,Velachery,12.995083161986017,80.20710843241945,9126,2.9,0.415,Low,0.02298811808219629,210,4-Low
Z04-016,Z04,Velachery,12.975876913614348,80.2001523059682,9327,2.8,0.388,Low,0.005,47,4-Low
Z04-017,Z04,Velachery,12.96657981412021,80.2102109186522,15302,11.1,1.557,Severe,0.03695765805494671,566,1-Critical
Z04-018,Z04,Velachery,12.98658101509399,80.16884468697364,10218,2.8,0.379,Low,0.006506507138622438,66,4-Low
Z04-019,Z04,Velachery,12.960082098298587,80.19035441349322,9897,10.5,1.481,Severe,0.024655432480364423,244,2-High
Z04-020,Z04,Velachery,12.960695316437414,80.24735537480935,10888,9.9,1.17,High,0.04147441469959489,452,2-High
Z04-021,Z04,Velachery,12.97240943925061,80.2241168552465,12285,15.2,1.726,Severe,0.04495348988828493,552,1-Critical
Z04-022,Z04,Velachery,12.989983366197087,80.207541038565,10366,2.5,0.345,Low,0.01428025745367159,148,4-Low
Z04-023,Z04,Velachery,12.997596175104817,80.21552686557862,11280,2.6,0.315,Low,0.017087269341780793,193,4-Low
Z04-024,Z04,Velachery,12.977023213772561,80.21247306139152,9460,10.3,1.344,High,0.035123795131017065,332,2-High
Z04-025,Z04,Velachery,12.983964066149127,80.20908413865894,10221,2.9,0.315,Low,0.013371714963180435,137,4-Low
Z04-026,Z04,Velachery,12.97740014459274,80.20542816381474,7392,9.7,1.13,High,0.0483281426228088,357,3-Medium
Z04-027,Z04,Velachery,12.958837282142573,80.20363325928959,7495,2.6,0.329,Low,0.009619419718278567,72,4-Low
Z04-028,Z04,Velachery,12.977721697718238,80.199705893442,6935,3.2,0.432,Low,0.02104401792663468,146,4-Low
Z04-029,Z04,Velachery,12.986654854999093,80.249678784973,7938,10.5,1.353,Severe,0.03372330734029156,268,2-High
Z04-030,Z04,Velachery,12.986853591848138,80.24160219374981,10055,9.0,1.055,High,0.03365676551011374,338,3-Medium
Z04-031,Z04,Velachery,13.009551294118188,80.20485536011135,9456,3.1,0.443,Low,0.0116199388233182,110,4-Low
Z04-032,Z04,Velachery,12.958879807772876,80.20183352489906,7612,7.7,0.863,Moderate,0.027715445016293316,211,3-Medium
Z04-033,Z04,Velachery,13.007094039822626,80.18044035502423,11607,2.4,0.306,Low,0.014782719190658714,172,4-Low
Z04-034,Z04,Velachery,13.005213861317372,80.23241262920122,12594,9.4,1.229,High,0.026834798325436084,338,2-High
Z04-035,Z04,Velachery,12.958459699644372,80.23108019720594,12038,2.8,0.325,Low,0.00834026532869046,100,4-Low
Z04-036,Z04,Velachery,12.982111386136152,80.19427293559997,10405,9.5,1.255,High,0.031166961013218846,324,2-High
Z04-037,Z04,Velachery,13.014837196655018,80.20756634960934,7263,14.9,1.973,Severe,0.0490715858748652,356,1-Critical
Z04-038,Z04,Velachery,12.963955098077381,80.22041522837111,10119,11.2,1.508,Severe,0.03376336969907368,342,1-Critical
Z04-039,Z04,Velachery,13.015374751037074,80.19398768358676,13079,18.2,2.584,Severe,0.06068935048866597,794,1-Critical
Z04-040,Z04,Velachery,12.97393876379671,80.26348843418464,14621,9.8,1.368,Severe,0.040973057474088415,599,2-High
Z04-041,Z04,Velachery,12.982098151758503,80.20336889857288,9496,11.2,1.273,High,0.036089720254569926,343,2-High
Z04-042,Z04,Velachery,12.980201464835273,80.19791718232658,8037,8.4,0.94,Moderate,0.024445789891065217,196,3-Medium
Z04-043,Z04,Velachery,12.983120574729984,80.21998739078204,11321,2.9,0.323,Low,0.01519280776985034,172,4-Low
Z04-044,Z04,Velachery,12.948534783702359,80.22081829898697,7956,8.6,1.219,High,0.035051143093613346,279,2-High
Z04-045,Z04,Velachery,12.978503594916948,80.22023164346352,9903,15.3,1.771,Severe,0.035041511380708004,347,1-Critical
Z04-046,Z04,Velachery,12.937275964874871,80.21638000447585,7689,8.9,1.035,High,0.024300737945897356,187,3-Medium
Z04-047,Z04,Velachery,12.987154493004816,80.24759949829992,11906,2.6,0.301,Low,0.019288231078028132,230,4-Low
Z04-048,Z04,Velachery,12.977974644607588,80.2221579907912,9908,11.4,1.412,Severe,0.040560502709007275,402,2-High
Z04-049,Z04,Velachery,12.979148802106044,80.20566437640025,11219,19.2,2.684,Severe,0.06321158073705924,709,1-Critical
Z04-050,Z04,Velachery,12.99814020494869,80.19101313305686,14835,8.6,0.974,Moderate,0.04033620942534044,598,3-Medium
Z04-051,Z04,Velachery,13.009735358280569,80.23655735825355,9751,10.2,1.308,High,0.041608280389609884,406,2-High
Z04-052,Z04,Velachery,12.999972158962697,80.23653213375154,9366,18.0,2.534,Severe,0.054403825184398125,510,1-Critical
Z04-053,Z04,Velachery,12.976914473202047,80.2519018054303,9820,11.8,1.649,Severe,0.04310335037552851,423,1-Critical
Z04-054,Z04,Velachery,13.008694141360477,80.19174033154823,7655,11.4,1.4,Severe,0.03992017897374455,306,2-High
Z04-055,Z04,Velachery,12.954992927011965,80.21953204654736,9429,10.9,1.331,High,0.02729313967897126,257,2-High
Z04-056,Z04,Velachery,12.95057201172342,80.24171034078893,11640,2.5,0.298,Low,0.03106620634084206,362,4-Low
Z04-057,Z04,Velachery,12.972061057119728,80.21502983281898,8010,8.1,1.08,High,0.03500160224088417,280,3-Medium
Z04-058,Z04,Velachery,12.987392742324056,80.25200651318328,11851,19.0,2.132,Severe,0.05564931919762015,660,1-Critical
Z04-059,Z04,Velachery,12.9992757474114,80.18899348837014,8868,11.4,1.635,Severe,0.04263947637785413,378,1-Critical
Z04-060,Z04,Velachery,12.967974964615987,80.21565003178705,9878,3.5,0.416,Low,0.020590887976410538,203,4-Low
Z04-061,Z04,Velachery,12.978570180450486,80.2188736374542,11277,11.8,1.592,Severe,0.03458628215226296,390,1-Critical
Z04-062,Z04,Velachery,12.991366796793244,80.2286112834404,9999,21.5,2.77,Severe,0.0691796999097169,692,1-Critical
Z04-063,Z04,Velachery,12.96940188377065,80.19490798069106,8677,16.7,1.906,Severe,0.03887536102158489,337,1-Critical
Z04-064,Z04,Velachery,12.959804075807748,80.23030116072117,7457,3.5,0.496,Low,0.021059153299033188,157,4-Low
Z04-065,Z04,Velachery,13.02874990609341,80.24952676707927,7472,14.5,1.951,Severe,0.03941956835971043,295,1-Critical
Z04-066,Z04,Velachery,12.971602164087063,80.23092103706828,7525,10.1,1.247,High,0.0328595259546521,247,2-High
Z04-067,Z04,Velachery,12.979700569809276,80.20724946309716,11488,11.6,1.414,Severe,0.02621167118747411,301,2-High
Z04-068,Z04,Velachery,12.961789140182164,80.18862047752847,12064,8.7,1.195,High,0.032307837601973866,390,2-High
Z04-069,Z04,Velachery,12.94932573078824,80.2705544354221,7660,20.3,2.903,Severe,0.06609004032559704,506,1-Critical
Z04-070,Z04,Velachery,12.99034415034833,80.26002839013255,9012,20.1,2.434,Severe,0.05395771342347604,486,1-Critical
Z04-071,Z04,Velachery,12.95970541992629,80.23245465117839,8671,10.9,1.327,High,0.028278624065913978,245,2-High
Z04-072,Z04,Velachery,12.987962217256104,80.20223101555733,10742,17.0,2.333,Severe,0.04924707723349367,529,1-Critical
Z04-073,Z04,Velachery,12.942745676716294,80.24297893519952,12672,11.1,1.393,Severe,0.04164407104414124,528,2-High
Z04-074,Z04,Velachery,12.973941047883434,80.22108950210793,6786,3.0,0.371,Low,0.005,34,4-Low
Z04-075,Z04,Velachery,12.97432785029668,80.19252806009456,8973,3.2,0.372,Low,0.021136515438206622,190,4-Low
Z04-076,Z04,Velachery,13.036905079025361,80.21366659352637,6041,3.1,0.372,Low,0.005,30,4-Low
Z04-077,Z04,Velachery,12.943403671311447,80.23558505327016,9963,10.7,1.35,High,0.03315142526591276,330,2-High
Z04-078,Z04,Velachery,13.002481344295745,80.17613120341397,7976,9.4,1.185,High,0.02952143225689894,235,2-High
Z04-079,Z04,Velachery,12.98511632887075,80.2308435423963,9608,9.0,1.086,High,0.02629426547027129,253,3-Medium
Z04-080,Z04,Velachery,12.97226307890949,80.22347414680189,6692,3.4,0.487,Low,0.01430872788828106,96,4-Low
Z04-081,Z04,Velachery,12.985764641140122,80.20768364433573,7417,9.2,1.016,High,0.01887874888806843,140,3-Medium
Z04-082,Z04,Velachery,12.960810381145714,80.23238357557615,8291,7.8,1.042,High,0.026698789253404177,221,3-Medium
Z04-083,Z04,Velachery,12.97446544783105,80.21994397536777,12987,17.3,1.917,Severe,0.0472012489342218,613,1-Critical
Z04-084,Z04,Velachery,12.991564863993288,80.18455580413008,9336,2.8,0.336,Low,0.006441670504108793,60,4-Low
Z04-085,Z04,Velachery,12.979547831205457,80.23113366716862,10217,2.6,0.287,Low,0.01346210355198334,138,4-Low
Z04-086,Z04,Velachery,12.994900406357315,80.21793097322262,13447,17.4,2.08,Severe,0.051189531136558906,688,1-Critical
Z04-087,Z04,Velachery,12.984142259682702,80.19154228487994,15625,2.3,0.294,Low,0.015718502489091332,246,4-Low
Z04-088,Z04,Velachery,12.980952151127976,80.17776884538857,8519,20.9,2.381,Severe,0.047800861582197623,407,1-Critical
Z04-089,Z04,Velachery,12.989208526535117,80.18937425857979,9544,11.8,1.536,Severe,0.037995976786321245,363,1-Critical
Z04-090,Z04,Velachery,12.981265614489512,80.21405876021969,8456,3.1,0.341,Low,0.014192344574442083,120,4-Low
Z04-091,Z04,Velachery,12.993800604053686,80.21534915908822,9347,3.3,0.368,Low,0.012730383789687327,119,4-Low
Z04-092,Z04,Velachery,12.969771234355438,80.22589599829142,8306,2.8,0.371,Low,0.016696707002301428,139,4-Low
Z04-093,Z04,Velachery,12.973964795399572,80.23359325049687,7285,9.9,1.206,High,0.038316918331784536,279,2-High
Z04-094,Z04,Velachery,12.995790217449406,80.23694014637653,12240,3.1,0.388,Low,0.01796996426480251,220,4-Low
Z04-095,Z04,Velachery,12.965573824506874,80.19769126725214,10355,17.8,2.154,Severe,0.050333450450178854,521,1-Critical
Z04-096,Z04,Velachery,12.976995352797578,80.21515136302136,14310,3.5,0.394,Low,0.018606511842079478,266,4-Low
Z04-097,Z04,Velachery,12.990219650376982,80.27009528902542,14033,10.4,1.383,Severe,0.030207858029427076,424,2-High
Z04-098,Z04,Velachery,12.999120985069569,80.22165152757715,12055,3.1,0.352,Low,0.021065509449595458,254,4-Low
Z04-099,Z04,Velachery,12.983848577964048,80.20620862201328,8540,9.8,1.278,High,0.02931830998398052,250,2-High
Z04-100,Z04,Velachery,12.969798851821102,80.23706839852355,9192,8.8,1.214,High,0.02499586037609511,230,2-High
Z05-001,Z05,South-West Chennai,13.009172383550984,80.18229230570363,8262,9.8,0.837,Moderate,0.024613430291687135,203,3-Medium
Z05-002,Z05,South-West Chennai,13.020674083368407,80.18501308547448,6459,3.5,0.285,Low,0.014289365390087034,92,4-Low
Z05-003,Z05,South-West Chennai,13.016277860691693,80.1599276776881,8414,2.8,0.282,Low,0.015039089496408727,127,4-Low
Z05-004,Z05,South-West Chennai,13.011366312944157,80.18148037156394,9397,2.9,0.244,Low,0.006417558465299112,60,4-Low
Z05-005,Z05,South-West Chennai,13.000257353909104,80.19848879440084,14708,3.1,0.307,Low,0.005,74,4-Low
Z05-006,Z05,South-West Chennai,13.064585838864566,80.16798743030895,6960,2.7,0.272,Low,0.006561078194828976,46,4-Low
Z05-007,Z05,South-West Chennai,12.98603499514274,80.17485915705684,6049,2.9,0.258,Low,0.005944363388749612,36,4-Low
Z05-008,Z05,South-West Chennai,13.00622285894895,80.19050952248195,7521,15.9,1.675,Severe,0.04479258780006652,337,1-Critical
Z05-009,Z05,South-West Chennai,13.000558813820916,80.20320391922755,7442,2.3,0.211,Low,0.025622133005849437,191,4-Low
Z05-010,Z05,South-West Chennai,12.992163678452613,80.1525901536529,7080,9.8,0.998,Moderate,0.026698180991717613,189,3-Medium
Z05-011,Z05,South-West Chennai,13.05164622661975,80.22021975406301,6289,20.3,1.986,Severe,0.041778425258834746,263,1-Critical
Z05-012,Z05,South-West Chennai,13.041379903637887,80.1939056270717,10485,2.9,0.297,Low,0.016930125028553823,178,4-Low
Z05-013,Z05,South-West Chennai,12.999341739545002,80.16723411143163,8733,8.6,0.736,Moderate,0.027494909882291252,240,4-Low
Z05-014,Z05,South-West Chennai,13.004402328244252,80.15734936920734,9717,11.3,1.039,High,0.020479865357661144,199,3-Medium
Z05-015,Z05,South-West Chennai,13.020290025180632,80.17378060136677,6413,19.7,1.658,Severe,0.035076934999223985,225,1-Critical
Z05-016,Z05,South-West Chennai,13.006033927923784,80.18995833496979,11387,11.4,0.962,Moderate,0.025114169429056175,286,3-Medium
Z05-017,Z05,South-West Chennai,13.005446467032824,80.18628855706788,8876,9.4,0.987,Moderate,0.030817330625902292,274,3-Medium
Z05-018,Z05,South-West Chennai,12.982550826488433,80.21173026751697,8995,2.4,0.195,Low,0.023306689570487142,210,4-Low
Z05-019,Z05,South-West Chennai,13.003661489445184,80.1991625442029,6326,11.1,1.082,High,0.026855968312440723,170,3-Medium
Z05-020,Z05,South-West Chennai,12.983212804198864,80.16756562396252,5998,18.3,1.945,Severe,0.04766047426192922,286,1-Critical
Z05-021,Z05,South-West Chennai,13.028261439755951,80.17165520065855,8468,19.3,2.08,Severe,0.047955471474368114,406,1-Critical
Z05-022,Z05,South-West Chennai,13.04239497397192,80.14877743155377,8072,11.9,1.249,High,0.034330483868972715,277,2-High
Z05-023,Z05,South-West Chennai,13.009022311922616,80.18829375251492,6841,11.1,0.9,Moderate,0.01902921182060409,130,3-Medium
Z05-024,Z05,South-West Chennai,13.034158675066422,80.17483824228884,6638,10.2,0.984,Moderate,0.024878744827030373,165,3-Medium
Z05-025,Z05,South-West Chennai,13.007333883748354,80.17095645819292,7463,8.3,0.694,Moderate,0.02315864529772757,173,4-Low
Z05-026,Z05,South-West Chennai,13.008478732256261,80.22043389794277,7223,10.9,1.152,High,0.038282691802585235,277,2-High
Z05-027,Z05,South-West Chennai,13.008383351601784,80.16261473649743,10389,8.9,0.747,Moderate,0.026803093628740653,278,4-Low
Z05-028,Z05,South-West Chennai,13.024276739436113,80.1799421955954,7043,16.7,1.382,Severe,0.04046427672538483,285,2-High
Z05-029,Z05,South-West Chennai,13.043206601641625,80.17107581940253,5938,20.7,1.824,Severe,0.03848995628490287,229,1-Critical
Z05-030,Z05,South-West Chennai,13.026250170957546,80.15565283079013,10782,17.8,1.861,Severe,0.04873660665618442,525,1-Critical
Z05-031,Z05,South-West Chennai,13.044315611575875,80.18884611734093,7399,9.5,0.777,Moderate,0.01855993661744299,137,3-Medium
Z05-032,Z05,South-West Chennai,13.017019376536632,80.1843378744837,9629,2.5,0.234,Low,0.011710019825125859,113,4-Low
Z05-033,Z05,South-West Chennai,13.022055121090153,80.19681564147565,9950,11.2,0.917,Moderate,0.02508299254880676,250,3-Medium
Z05-034,Z05,South-West Chennai,12.997719613735006,80.1945779214128,6851,20.1,1.708,Severe,0.04882188719093904,334,1-Critical
Z05-035,Z05,South-West Chennai,13.040054211831924,80.21056349113569,9251,2.3,0.202,Low,0.017981457648317614,166,4-Low
Z05-036,Z05,South-West Chennai,13.040747328828699,80.16137750483595,10957,3.5,0.329,Low,0.012840383506598555,141,4-Low
Z05-037,Z05,South-West Chennai,13.014464815720942,80.18780712106981,7898,11.3,1.01,High,0.03962912120627095,313,3-Medium
Z05-038,Z05,South-West Chennai,13.032847672882571,80.17748842636453,13211,9.6,0.775,Moderate,0.021184431039624564,280,3-Medium
Z05-039,Z05,South-West Chennai,13.02185883652998,80.16900390359086,7842,10.2,0.879,Moderate,0.017625795147681908,138,3-Medium
Z05-040,Z05,South-West Chennai,13.01871618373559,80.18450530052594,10056,2.9,0.304,Low,0.014452744028480062,145,4-Low
Z05-041,Z05,South-West Chennai,13.036845023194331,80.20860976347174,6209,10.5,0.919,Moderate,0.034465622957556036,214,3-Medium
Z05-042,Z05,South-West Chennai,13.041078750375725,80.18529570731864,8348,2.8,0.237,Low,0.020234258112549263,169,4-Low
Z05-043,Z05,South-West Chennai,13.017783112036714,80.17440223428424,10053,10.4,1.049,High,0.031023967875722428,312,3-Medium
Z05-044,Z05,South-West Chennai,13.015458345619777,80.18549133287024,8071,19.6,1.973,Severe,0.03123342268992159,252,1-Critical
Z05-045,Z05,South-West Chennai,13.006759833842123,80.20741472825337,5062,3.0,0.273,Low,0.024384138389218518,123,4-Low
Z05-046,Z05,South-West Chennai,13.02642867976528,80.18902106974602,10015,9.5,0.97,Moderate,0.039701257387406604,398,3-Medium
Z05-047,Z05,South-West Chennai,13.023802268271101,80.15354220672354,7988,7.7,0.713,Moderate,0.033592123509480105,268,4-Low
Z05-048,Z05,South-West Chennai,13.02955742534505,80.15365005303073,5598,10.1,0.976,Moderate,0.02736954308541291,153,3-Medium
Z05-049,Z05,South-West Chennai,12.985982056674104,80.20360359923136,6663,3.1,0.298,Low,0.010769742161640547,72,4-Low
Z05-050,Z05,South-West Chennai,13.026988397259005,80.19876314128408,11597,2.4,0.192,Low,0.011204134059796424,130,4-Low
Z05-051,Z05,South-West Chennai,13.016406011043268,80.19413610746595,10528,15.6,1.621,Severe,0.0351416843875626,370,1-Critical
Z05-052,Z05,South-West Chennai,13.031181569643103,80.17472875273947,10694,17.4,1.801,Severe,0.042272611941934574,452,1-Critical
Z05-053,Z05,South-West Chennai,12.996108832948204,80.17919017800867,8598,2.5,0.204,Low,0.018217716928001615,157,4-Low
Z05-054,Z05,South-West Chennai,13.041540379009728,80.18337890508016,7766,11.6,1.071,High,0.016587207772019833,129,3-Medium
Z05-055,Z05,South-West Chennai,13.003039660916393,80.14872071197988,11145,18.7,1.798,Severe,0.0510455122517401,569,1-Critical
Z05-056,Z05,South-West Chennai,13.025860936956104,80.1756160753848,13393,11.4,1.188,High,0.035303851534699594,473,2-High
Z05-057,Z05,South-West Chennai,13.019012732321873,80.19845481782929,9486,7.9,0.818,Moderate,0.02848445033802642,270,3-Medium
Z05-058,Z05,South-West Chennai,13.034683640228401,80.17649243592703,11699,9.8,1.012,High,0.029128871459042784,341,3-Medium
Z05-059,Z05,South-West Chennai,13.028352806563227,80.1577529959975,11458,3.4,0.349,Low,0.014215743283573268,163,4-Low
Z05-060,Z05,South-West Chennai,13.019416815706313,80.1836807917256,9793,10.4,1.033,High,0.02958553218006696,290,3-Medium
Z05-061,Z05,South-West Chennai,13.015536352885238,80.19884557644666,6209,9.2,0.974,Moderate,0.031711401593301665,197,3-Medium
Z05-062,Z05,South-West Chennai,13.011926533851005,80.17275219237524,6306,16.9,1.72,Severe,0.03764403930096468,237,1-Critical
Z05-063,Z05,South-West Chennai,13.041535347843336,80.18479946853803,9669,18.4,1.818,Severe,0.04581025053784111,443,1-Critical
Z05-064,Z05,South-West Chennai,13.049110154672535,80.22558103900025,8489,2.8,0.247,Low,0.01193075089721963,101,4-Low
Z05-065,Z05,South-West Chennai,13.024485416751654,80.17187404795868,7411,17.3,1.482,Severe,0.04146537459847711,307,2-High
Z05-066,Z05,South-West Chennai,13.021825454599291,80.16613596733188,10061,8.7,0.911,Moderate,0.01491361673003286,150,3-Medium
Z05-067,Z05,South-West Chennai,13.042697534980512,80.17775421009529,4459,2.9,0.252,Low,0.01327456540183041,59,4-Low
Z05-068,Z05,South-West Chennai,13.0273610602435,80.17832989936707,8579,11.3,0.935,Moderate,0.025056879939429927,215,3-Medium
Z05-069,Z05,South-West Chennai,12.991793383315352,80.15463808511103,9569,10.3,1.106,High,0.028621820446621975,274,3-Medium
Z05-070,Z05,South-West Chennai,13.023764442219134,80.18345498892906,11112,17.4,1.538,Severe,0.029187877932873443,324,1-Critical
Z05-071,Z05,South-West Chennai,13.011539351963775,80.15378142145461,7995,9.8,1.011,High,0.02844144300384507,227,3-Medium
Z05-072,Z05,South-West Chennai,12.985156488169478,80.17463979228255,11008,10.4,0.889,Moderate,0.021423073065163598,236,3-Medium
Z05-073,Z05,South-West Chennai,13.020589472699314,80.17050891220455,14978,15.7,1.657,Severe,0.029305107914542754,439,1-Critical
Z05-074,Z05,South-West Chennai,13.006946742344322,80.18357437938754,8496,3.0,0.301,Low,0.0070370687023514275,60,4-Low
Z05-075,Z05,South-West Chennai,13.01412790693098,80.16283138700759,11023,3.2,0.262,Low,0.023104221560667042,255,4-Low
Z05-076,Z05,South-West Chennai,13.006310445802857,80.19717721019963,13010,3.0,0.264,Low,0.021311114033900756,277,4-Low
Z05-077,Z05,South-West Chennai,13.020256451620607,80.17193902032912,9241,21.2,2.112,Severe,0.055833021049633634,516,1-Critical
Z05-078,Z05,South-West Chennai,13.019504520242409,80.18716188814624,9558,11.3,1.135,High,0.025051416554803762,239,3-Medium
Z05-079,Z05,South-West Chennai,13.039928648667594,80.20585609450818,11600,16.6,1.777,Severe,0.04449346982296366,516,1-Critical
Z05-080,Z05,South-West Chennai,13.017839614695548,80.14488997271606,10549,9.3,0.801,Moderate,0.03086406126479669,326,3-Medium
Z05-081,Z05,South-West Chennai,13.021974929085978,80.14770410917168,8832,10.3,1.086,High,0.03749438796201088,331,3-Medium
Z05-082,Z05,South-West Chennai,13.033215572775829,80.18220249415124,5909,2.9,0.296,Low,0.01980554853239782,117,4-Low
Z05-083,Z05,South-West Chennai,13.020909062025613,80.17644982470402,8519,20.1,1.68,Severe,0.050008227546559675,426,1-Critical
Z05-084,Z05,South-West Chennai,13.068668084943964,80.18774729412135,8342,3.2,0.283,Low,0.020217510150048728,169,4-Low
Z05-085,Z05,South-West Chennai,13.040706786591645,80.1643905110859,8883,3.1,0.276,Low,0.015145495330236885,135,4-Low
Z05-086,Z05,South-West Chennai,12.98078728823866,80.17298404739884,6511,2.4,0.208,Low,0.01862493501361051,121,4-Low
Z05-087,Z05,South-West Chennai,13.013022924737825,80.14558614760992,7990,20.4,2.193,Severe,0.04946696865092042,395,1-Critical
Z05-088,Z05,South-West Chennai,13.01387308836567,80.18018321773184,6013,21.1,2.041,Severe,0.05098680230222136,307,1-Critical
Z05-089,Z05,South-West Chennai,13.005044765180203,80.19039357425713,9207,2.9,0.302,Low,0.01767045659558887,163,4-Low
Z05-090,Z05,South-West Chennai,13.016808775388272,80.1908496052834,6901,8.0,0.664,Moderate,0.01923910867851698,133,4-Low
Z05-091,Z05,South-West Chennai,13.027641733952251,80.22941333118177,8209,8.9,0.774,Moderate,0.02539196480352145,208,3-Medium
Z05-092,Z05,South-West Chennai,13.0411433150759,80.16108335775874,7784,10.0,1.046,High,0.027306105176748276,213,3-Medium
Z05-093,Z05,South-West Chennai,13.002050267993022,80.18626914780127,7834,10.2,0.991,Moderate,0.03907809822384068,306,3-Medium
Z05-094,Z05,South-West Chennai,13.01162659986653,80.18529677210414,7195,2.4,0.235,Low,0.010309178399218084,74,4-Low
Z05-095,Z05,South-West Chennai,13.029416947480186,80.16525837560998,7882,3.4,0.325,Low,0.01474791067620122,116,4-Low
Z05-096,Z05,South-West Chennai,12.99722847723277,80.15378205287291,12655,2.7,0.26,Low,0.010023487371527681,127,4-Low
Z05-097,Z05,South-West Chennai,13.005403373854646,80.21508426340725,9410,2.6,0.259,Low,0.013390055162048995,126,4-Low
Z05-098,Z05,South-West Chennai,13.013204754563564,80.16958942867977,7433,9.4,0.973,Moderate,0.03387947680518559,252,3-Medium
Z05-099,Z05,South-West Chennai,13.03237482391037,80.17297308020878,9232,2.6,0.269,Low,0.006542375666528155,60,4-Low
Z05-100,Z05,South-West Chennai,12.996892238696686,80.15525925018267,5165,2.5,0.21,Low,0.014489405719158018,75,4-Low
