resource_id,zone_id,zone_name,resource_type,unit,quantity,status
RS001,Z05,South-West Chennai,Blankets,units,2998,In Transit
RS002,Z02,Central Chennai,Medicine,kits,16148,Available
RS003,Z01,North Chennai,ORS,packets,18674,Available
RS004,Z01,North Chennai,Water,litres,12622,Available
RS005,Z01,North Chennai,Food,packets,9463,Available
RS006,Z01,North Chennai,Water,litres,13135,Available
RS007,Z01,North Chennai,Blankets,units,12684,In Transit
RS008,Z05,South-West Chennai,Medicine,kits,12221,Available
RS009,Z01,North Chennai,Water,litres,9009,In Transit
RS010,Z05,South-West Chennai,Medicine,kits,7221,Available
RS011,Z03,Adyar,Food,packets,8023,In Transit
RS012,Z01,North Chennai,ORS,packets,17520,Available
RS013,Z05,South-West Chennai,Medicine,kits,9939,Available
RS014,Z04,Velachery,Blankets,units,8284,In Transit
RS015,Z01,North Chennai,Water,litres,7910,Available
RS016,Z05,South-West Chennai,Water,litres,12962,Available
RS017,Z01,North Chennai,Food,packets,6081,Available
RS018,Z03,Adyar,Food,packets,2561,Available
RS019,Z02,Central Chennai,Food,packets,13524,Available
RS020,Z04,Velachery,Water,litres,14066,Available
RS021,Z04,Velachery,Medicine,kits,15930,Available
RS022,Z04,Velachery,Water,litres,11209,Available
RS023,Z02,Central Chennai,Food,packets,14403,Available
RS024,Z02,Central Chennai,Medicine,kits,11946,Available
RS025,Z02,Central Chennai,Food,packets,6731,In Transit
RS026,Z05,South-West Chennai,Food,packets,9758,Available
RS027,Z04,Velachery,ORS,packets,16830,Available
RS028,Z02,Central Chennai,Food,packets,11772,In Transit
RS029,Z04,Velachery,Water,litres,9829,Available
RS030,Z03,Adyar,Medicine,kits,12814,Reserved
RS031,Z01,North Chennai,Medicine,kits,4717,Available
RS032,Z04,Velachery,Food,packets,3860,Available
RS033,Z05,South-West Chennai,Food,packets,8059,In Transit
RS034,Z03,Adyar,Water,litres,7678,Available
RS035,Z05,South-West Chennai,Water,litres,6312,Available
RS036,Z05,South-West Chennai,Medicine,kits,660,In Transit
RS037,Z02,Central Chennai,Water,litres,17483,In Transit
RS038,Z01,North Chennai,ORS,packets,12860,Available
RS039,Z03,Adyar,Food,packets,7332,Available
RS040,Z01,North Chennai,Food,packets,16335,Available
RS041,Z02,Central Chennai,Food,packets,13343,In Transit
RS042,Z02,Central Chennai,Food,packets,11162,In Transit
RS043,Z04,Velachery,ORS,packets,6383,Reserved
RS044,Z04,Velachery,Food,packets,1798,Available
RS045,Z03,Adyar,Medicine,kits,5133,Available
RS046,Z04,Velachery,Food,packets,19902,Available
RS047,Z01,North Chennai,ORS,packets,18424,Available
RS048,Z03,Adyar,Blankets,units,10399,Reserved
RS049,Z02,Central Chennai,Water,litres,16645,Reserved
RS050,Z03,Adyar,Medicine,kits,8887,Available
RS051,Z02,Central Chennai,ORS,packets,11053,Available
RS052,Z04,Velachery,ORS,packets,13504,Available
RS053,Z01,North Chennai,Blankets,units,17497,Reserved
RS054,Z03,Adyar,Blankets,units,717,Available
RS055,Z04,Velachery,Food,packets,18963,Available
RS056,Z02,Central Chennai,Water,litres,635,Reserved
RS057,Z02,Central Chennai,Medicine,kits,10979,Available
RS058,Z04,Velachery,Water,litres,668,Available
RS059,Z04,Velachery,Medicine,kits,18965,Reserved
RS060,Z03,Adyar,Medicine,kits,14452,Reserved
RS061,Z05,South-West Chennai,Medicine,kits,3699,Available
RS062,Z03,Adyar,Water,litres,9642,Available
RS063,Z04,Velachery,Food,packets,12498,Available
RS064,Z01,North Chennai,ORS,packets,5333,Available
RS065,Z03,Adyar,Food,packets,9386,Available
RS066,Z05,South-West Chennai,Water,litres,17709,Available
RS067,Z05,South-West Chennai,ORS,packets,3302,Available
RS068,Z02,Central Chennai,ORS,packets,14374,In Transit
RS069,Z05,South-West Chennai,Water,litres,7754,In Transit
RS070,Z03,Adyar,Water,litres,6194,Available
RS071,Z01,North Chennai,Medicine,kits,4019,Available
RS072,Z02,Central Chennai,Water,litres,9442,Available
RS073,Z05,South-West Chennai,Blankets,units,14893,Available
RS074,Z05,South-West Chennai,Water,litres,2470,In Transit
RS075,Z01,North Chennai,ORS,packets,7679,In Transit
RS076,Z01,North Chennai,Blankets,units,10308,In Transit
RS077,Z03,Adyar,Food,packets,4630,Available
RS078,Z02,Central Chennai,Food,packets,15724,Available
RS079,Z02,Central Chennai,Blankets,units,5280,Available
RS080,Z01,North Chennai,Water,litres,2920,Reserved
RS081,Z05,South-West Chennai,ORS,packets,1714,Available
RS082,Z03,Adyar,Water,litres,1776,Available
RS083,Z05,South-West Chennai,ORS,packets,9033,Available
RS084,Z05,South-West Chennai,Water,litres,5782,Available
RS085,Z05,South-West Chennai,Food,packets,2879,Available
RS086,Z03,Adyar,Food,packets,10460,Reserved
RS087,Z03,Adyar,Food,packets,5423,Available
RS088,Z05,South-West Chennai,Water,litres,17623,Available
RS089,Z03,Adyar,Blankets,units,6490,Available
RS090,Z05,South-West Chennai,Water,litres,2648,Available
RS091,Z03,Adyar,Food,packets,18426,Reserved
RS092,Z05,South-West Chennai,Water,litres,16916,Available
RS093,Z04,Velachery,Water,litres,14932,In Transit
RS094,Z03,Adyar,Food,packets,17898,Available
RS095,Z01,North Chennai,ORS,packets,9332,Available
RS096,Z01,North Chennai,Medicine,kits,19659,In Transit
RS097,Z03,Adyar,Blankets,units,10364,In Transit
RS098,Z05,South-West Chennai,ORS,packets,18162,Available
RS099,Z03,Adyar,Food,packets,19964,Available
RS100,Z03,Adyar,Food,packets,12654,Available
RS101,Z04,Velachery,Blankets,units,15256,In Transit
RS102,Z01,North Chennai,Water,litres,8438,Available
RS103,Z03,Adyar,Water,litres,9844,Available
RS104,Z01,North Chennai,Water,litres,17320,Reserved
RS105,Z03,Adyar,Medicine,kits,13229,Available
RS106,Z02,Central Chennai,Blankets,units,13790,Available
RS107,Z01,North Chennai,Food,packets,2624,In Transit
RS108,Z01,North Chennai,Blankets,units,14177,Reserved
RS109,Z03,Adyar,Food,packets,13314,In Transit
RS110,Z03,Adyar,Water,litres,17521,Available
RS111,Z02,Central Chennai,Food,packets,1762,Available
RS112,Z05,South-West Chennai,Food,packets,4617,Available
RS113,Z02,Central Chennai,Medicine,kits,15690,Available
RS114,Z01,North Chennai,Blankets,units,9554,Available
RS115,Z05,South-West Chennai,Medicine,kits,8073,Reserved
RS116,Z02,Central Chennai,Water,litres,13594,Available
RS117,Z04,Velachery,Food,packets,6521,Available
RS118,Z01,North Chennai,Food,packets,11685,Available
RS119,Z03,Adyar,Water,litres,16728,Available
RS120,Z02,Central Chennai,Food,packets,4279,Available
RS121,Z04,Velachery,Water,litres,13210,Available
RS122,Z04,Velachery,Blankets,units,17800,Reserved
RS123,Z02,Central Chennai,Medicine,kits,3921,In Transit
RS124,Z03,Adyar,Food,packets,11858,In Transit
RS125,Z01,North Chennai,ORS,packets,14800,Available
RS126,Z03,Adyar,Water,litres,3740,Available
RS127,Z03,Adyar,Food,packets,15831,Available
RS128,Z03,Adyar,Water,litres,16829,Reserved
RS129,Z05,South-West Chennai,Water,litres,16569,Available
RS130,Z04,Velachery,Food,packets,16508,Available
RS131,Z02,Central Chennai,Medicine,kits,2154,In Transit
RS132,Z02,Central Chennai,Medicine,kits,8930,Available
RS133,Z03,Adyar,Medicine,kits,2699,Available
RS134,Z01,North Chennai,Food,packets,13228,Available
RS135,Z03,Adyar,Water,litres,19124,Available
RS136,Z05,South-West Chennai,Blankets,units,1785,Reserved
RS137,Z04,Velachery,Food,packets,3877,Available
RS138,Z01,North Chennai,Food,packets,19397,In Transit
RS139,Z03,Adyar,Water,litres,18248,Available
RS140,Z03,Adyar,Food,packets,7614,Available
RS141,Z05,South-West Chennai,Blankets,units,3811,Available
RS142,Z05,South-West Chennai,Blankets,units,6172,Available
RS143,Z05,South-West Chennai,ORS,packets,6486,Available
RS144,Z04,Velachery,Water,litres,10073,Available
RS145,Z02,Central Chennai,Water,litres,2617,Available
RS146,Z03,Adyar,Food,packets,4199,Reserved
RS147,Z05,South-West Chennai,Blankets,units,4343,Available
RS148,Z04,Velachery,Blankets,units,13290,Reserved
RS149,Z04,Velachery,Water,litres,3741,Reserved
RS150,Z05,South-West Chennai,Medicine,kits,12271,In Transit
RS151,Z02,Central Chennai,Water,litres,19474,Reserved
RS152,Z05,South-West Chennai,Medicine,kits,528,In Transit
RS153,Z01,North Chennai,Blankets,units,5282,Reserved
RS154,Z01,North Chennai,Food,packets,6829,In Transit
RS155,Z01,North Chennai,Food,packets,7553,Available
RS156,Z04,Velachery,Water,litres,10741,In Transit
RS157,Z02,Central Chennai,Medicine,kits,5108,Available
RS158,Z04,Velachery,Medicine,kits,18162,Available
RS159,Z03,Adyar,Blankets,units,3448,Available
RS160,Z02,Central Chennai,Water,litres,8457,Available
RS161,Z04,Velachery,ORS,packets,9120,Reserved
RS162,Z02,Central Chennai,Food,packets,14522,Available
RS163,Z03,Adyar,ORS,packets,13150,Reserved
RS164,Z02,Central Chennai,Medicine,kits,11534,Available
RS165,Z05,South-West Chennai,Blankets,units,8034,In Transit
RS166,Z02,Central Chennai,Medicine,kits,1922,Available
RS167,Z01,North Chennai,Food,packets,1837,Available
RS168,Z04,Velachery,Water,litres,8303,Available
RS169,Z04,Velachery,Medicine,kits,12683,Available
RS170,Z05,South-West Chennai,Food,packets,6559,Available
RS171,Z01,North Chennai,Food,packets,6580,Reserved
RS172,Z04,Velachery,Water,litres,2255,Available
RS173,Z03,Adyar,Water,litres,5540,Available
RS174,Z05,South-West Chennai,Blankets,units,8470,Available
RS175,Z02,Central Chennai,Food,packets,8489,Available
RS176,Z03,Adyar,Medicine,kits,7102,Available
RS177,Z02,Central Chennai,Medicine,kits,11582,Available
RS178,Z05,South-West Chennai,ORS,packets,2524,Available
RS179,Z03,Adyar,ORS,packets,7664,In Transit
RS180,Z02,Central Chennai,ORS,packets,9414,Available
RS181,Z02,Central Chennai,Water,litres,4671,In Transit
RS182,Z05,South-West Chennai,Water,litres,12703,Reserved
RS183,Z01,North Chennai,ORS,packets,12781,In Transit
RS184,Z05,South-West Chennai,Food,packets,16955,In Transit
RS185,Z05,South-West Chennai,Water,litres,3909,Available
RS186,Z05,South-West Chennai,Medicine,kits,15392,Available
RS187,Z05,South-West Chennai,Food,packets,18356,Available
RS188,Z04,Velachery,ORS,packets,5715,Available
RS189,Z03,Adyar,Water,litres,6831,Available
RS190,Z02,Central Chennai,Blankets,units,4261,Available
RS191,Z05,South-West Chennai,Water,litres,18268,In Transit
RS192,Z04,Velachery,Medicine,kits,16353,Available
RS193,Z03,Adyar,Food,packets,14169,Available
RS194,Z03,Adyar,Water,litres,9830,Available
RS195,Z04,Velachery,Medicine,kits,14140,Available
RS196,Z01,North Chennai,Water,litres,5167,In Transit
RS197,Z04,Velachery,Medicine,kits,11874,Available
RS198,Z05,South-West Chennai,Food,packets,4289,Available
RS199,Z02,Central Chennai,Medicine,kits,12689,Available
RS200,Z02,Central Chennai,Food,packets,848,Available
RS201,Z05,South-West Chennai,ORS,packets,9531,Available
RS202,Z01,North Chennai,Blankets,units,8178,Available
RS203,Z04,Velachery,Blankets,units,7882,Reserved
RS204,Z03,Adyar,Water,litres,16111,In Transit
RS205,Z02,Central Chennai,Blankets,units,19400,In Transit
RS206,Z01,North Chennai,Food,packets,11760,Available
RS207,Z02,Central Chennai,Water,litres,11810,Reserved
RS208,Z03,Adyar,Water,litres,3142,In Transit
RS209,Z01,North Chennai,Water,litres,17244,In Transit
RS210,Z04,Velachery,Food,packets,10014,Available
RS211,Z01,North Chennai,Water,litres,12608,Available
RS212,Z04,Velachery,Food,packets,17363,Available
RS213,Z04,Velachery,Food,packets,1928,Available
RS214,Z05,South-West Chennai,Food,packets,11500,Available
RS215,Z01,North Chennai,Water,litres,14945,Reserved
RS216,Z04,Velachery,Food,packets,2725,Reserved
RS217,Z03,Adyar,Medicine,kits,9169,Available
RS218,Z04,Velachery,Blankets,units,2459,In Transit
RS219,Z04,Velachery,Medicine,kits,10659,Available
RS220,Z01,North Chennai,Water,litres,8161,Available
RS221,Z02,Central Chennai,Food,packets,2471,In Transit
RS222,Z03,Adyar,Food,packets,10828,Available
RS223,Z01,North Chennai,Food,packets,4762,Available
RS224,Z03,Adyar,Medicine,kits,1656,Reserved
RS225,Z01,North Chennai,Medicine,kits,4166,Available
RS226,Z04,Velachery,Food,packets,3866,Available
RS227,Z05,South-West Chennai,Water,litres,8720,Available
RS228,Z03,Adyar,Food,packets,16611,In Transit
RS229,Z05,South-West Chennai,Food,packets,13363,Reserved
RS230,Z05,South-West Chennai,Food,packets,19624,Available
RS231,Z03,Adyar,Food,packets,13487,Available
RS232,Z02,Central Chennai,Food,packets,11651,Available
RS233,Z05,South-West Chennai,Water,litres,736,In Transit
RS234,Z04,Velachery,Blankets,units,15107,Reserved
RS235,Z03,Adyar,Food,packets,8689,Available
RS236,Z03,Adyar,Blankets,units,17607,Available
RS237,Z03,Adyar,Medicine,kits,19440,Available
RS238,Z02,Central Chennai,Food,packets,6742,Available
RS239,Z01,North Chennai,Water,litres,2145,In Transit
RS240,Z04,Velachery,Water,litres,9742,Available
RS241,Z04,Velachery,Water,litres,14245,Available
RS242,Z04,Velachery,Water,litres,1451,Available
RS243,Z01,North Chennai,Food,packets,9695,In Transit
RS244,Z01,North Chennai,Water,litres,8296,Available
RS245,Z05,South-West Chennai,Water,litres,18832,Available
RS246,Z05,South-West Chennai,Food,packets,9579,Available
RS247,Z01,North Chennai,ORS,packets,15974,Available
RS248,Z01,North Chennai,Water,litres,9130,Available
RS249,Z05,South-West Chennai,Water,litres,14506,Reserved
RS250,Z02,Central Chennai,Medicine,kits,9687,Available
RS251,Z04,Velachery,Food,packets,17492,Available
RS252,Z01,North Chennai,Water,litres,10492,Available
RS253,Z01,North Chennai,Water,litres,10837,Available
RS254,Z05,South-West Chennai,Water,litres,1894,Available
RS255,Z01,North Chennai,ORS,packets,11463,Available
RS256,Z04,Velachery,Food,packets,2126,Available
RS257,Z01,North Chennai,Medicine,kits,15577,Available
RS258,Z05,South-West Chennai,Water,litres,19149,Reserved
RS259,Z01,North Chennai,Food,packets,6338,Reserved
RS260,Z04,Velachery,Food,packets,8302,Available
RS261,Z05,South-West Chennai,Water,litres,14264,Reserved
RS262,Z01,North Chennai,Food,packets,13915,Available
RS263,Z03,Adyar,Food,packets,19199,Available
RS264,Z04,Velachery,Food,packets,4767,Available
RS265,Z05,South-West Chennai,Water,litres,2394,Available
RS266,Z01,North Chennai,Water,litres,18071,Available
RS267,Z01,North Chennai,Medicine,kits,19600,In Transit
RS268,Z01,North Chennai,Water,litres,19517,Reserved
RS269,Z02,Central Chennai,Food,packets,16261,Available
RS270,Z05,South-West Chennai,Water,litres,3974,Reserved
RS271,Z03,Adyar,Medicine,kits,3331,Available
RS272,Z02,Central Chennai,ORS,packets,4927,In Transit
RS273,Z03,Adyar,Water,litres,14463,Available
RS274,Z03,Adyar,ORS,packets,18987,Available
RS275,Z02,Central Chennai,Blankets,units,7041,Available
RS276,Z04,Velachery,Medicine,kits,8811,Reserved
RS277,Z03,Adyar,Water,litres,17918,In Transit
RS278,Z02,Central Chennai,Blankets,units,6747,Available
RS279,Z04,Velachery,Food,packets,15274,Available
RS280,Z03,Adyar,Blankets,units,3041,Available
RS281,Z01,North Chennai,Water,litres,17129,Available
RS282,Z05,South-West Chennai,Blankets,units,6535,Available
RS283,Z02,Central Chennai,Food,packets,8387,Available
RS284,Z01,North Chennai,Water,litres,10424,Available
RS285,Z05,South-West Chennai,Medicine,kits,19132,In Transit
RS286,Z04,Velachery,Food,packets,2988,Available
RS287,Z02,Central Chennai,Blankets,units,7078,Available
RS288,Z03,Adyar,Blankets,units,10923,Available
RS289,Z02,Central Chennai,Water,litres,4266,Available
RS290,Z05,South-West Chennai,Medicine,kits,1076,In Transit
RS291,Z02,Central Chennai,Water,litres,13225,Available
RS292,Z01,North Chennai,Blankets,units,10073,Available
RS293,Z05,South-West Chennai,Blankets,units,6128,Available
RS294,Z01,North Chennai,Food,packets,11899,Available
RS295,Z03,Adyar,Blankets,units,17254,Available
RS296,Z05,South-West Chennai,Water,litres,18472,Reserved
RS297,Z04,Velachery,Food,packets,3841,Available
RS298,Z02,Central Chennai,Medicine,kits,15741,Available
RS299,Z04,Velachery,Blankets,units,18662,Available
RS300,Z02,Central Chennai,Food,packets,13773,Available
RS301,Z01,North Chennai,Blankets,units,16719,Reserved
RS302,Z01,North Chennai,Food,packets,6060,In Transit
RS303,Z05,South-West Chennai,Water,litres,19333,In Transit
RS304,Z04,Velachery,Food,packets,5962,Reserved
RS305,Z04,Velachery,Medicine,kits,17310,Available
RS306,Z03,Adyar,Water,litres,16743,Available
RS307,Z04,Velachery,Water,litres,2894,Available
RS308,Z04,Velachery,Blankets,units,6767,Available
RS309,Z03,Adyar,ORS,packets,9405,Available
RS310,Z01,North Chennai,Blankets,units,4946,Available
RS311,Z01,North Chennai,Food,packets,4124,Available
RS312,Z05,South-West Chennai,Water,litres,19162,Available
RS313,Z05,South-West Chennai,Water,litres,8665,Available
RS314,Z03,Adyar,Medicine,kits,5606,Available
RS315,Z02,Central Chennai,Blankets,units,19933,In Transit
RS316,Z01,North Chennai,Blankets,units,18683,Available
RS317,Z03,Adyar,Food,packets,5986,Available
RS318,Z01,North Chennai,Medicine,kits,11610,Available
RS319,Z03,Adyar,Water,litres,5462,Available
RS320,Z04,Velachery,Water,litres,15529,Available
RS321,Z04,Velachery,Water,litres,3635,Reserved
RS322,Z04,Velachery,Food,packets,14170,Available
RS323,Z03,Adyar,Medicine,kits,8889,Available
RS324,Z03,Adyar,Food,packets,15452,In Transit
RS325,Z05,South-West Chennai,Water,litres,4107,Reserved
RS326,Z04,Velachery,Medicine,kits,2265,In Transit
RS327,Z05,South-West Chennai,Blankets,units,7291,Reserved
RS328,Z01,North Chennai,Medicine,kits,18780,Available
RS329,Z02,Central Chennai,Water,litres,14214,Available
RS330,Z01,North Chennai,Food,packets,5853,Available
RS331,Z02,Central Chennai,Medicine,kits,19932,Available
RS332,Z04,Velachery,Food,packets,15893,Available
RS333,Z03,Adyar,Water,litres,19351,Available
RS334,Z04,Velachery,Food,packets,4222,Available
RS335,Z05,South-West Chennai,Water,litres,7503,Available
RS336,Z05,South-West Chennai,Water,litres,14345,Available
RS337,Z04,Velachery,Medicine,kits,981,Reserved
RS338,Z01,North Chennai,ORS,packets,17435,Available
RS339,Z01,North Chennai,Water,litres,2924,Available
RS340,Z05,South-West Chennai,Food,packets,16709,Reserved
RS341,Z05,South-West Chennai,Blankets,units,5577,Available
RS342,Z05,South-West Chennai,Medicine,kits,18631,Available
RS343,Z02,Central Chennai,Medicine,kits,2012,Available
RS344,Z02,Central Chennai,Food,packets,13982,Available
RS345,Z02,Central Chennai,Water,litres,7237,In Transit
RS346,Z05,South-West Chennai,Water,litres,1531,Available
RS347,Z01,North Chennai,Food,packets,15238,Available
RS348,Z02,Central Chennai,Water,litres,11746,Available
RS349,Z04,Velachery,Food,packets,9683,Available
RS350,Z05,South-West Chennai,Water,litres,9327,Available
RS351,Z01,North Chennai,Food,packets,6166,Available
RS352,Z04,Velachery,Blankets,units,19326,Reserved
RS353,Z05,South-West Chennai,Water,litres,6056,Reserved
RS354,Z02,Central Chennai,ORS,packets,8266,Available
RS355,Z04,Velachery,Food,packets,12303,Reserved
RS356,Z02,Central Chennai,Water,litres,9503,Available
RS357,Z01,North Chennai,Blankets,units,821,Available
RS358,Z02,Central Chennai,Medicine,kits,10898,Available
RS359,Z01,North Chennai,Water,litres,2556,Reserved
RS360,Z05,South-West Chennai,Water,litres,18798,Available
RS361,Z01,North Chennai,Food,packets,11011,Available
RS362,Z05,South-West Chennai,ORS,packets,16522,Available
RS363,Z05,South-West Chennai,Water,litres,17464,Available
RS364,Z03,Adyar,Food,packets,11306,Available
RS365,Z01,North Chennai,Medicine,kits,5533,Available
RS366,Z01,North Chennai,Blankets,units,7359,Available
RS367,Z02,Central Chennai,Medicine,kits,1682,Available
RS368,Z01,North Chennai,Water,litres,7837,Available
RS369,Z04,Velachery,Water,litres,5574,In Transit
RS370,Z02,Central Chennai,Food,packets,5763,Reserved
RS371,Z04,Velachery,ORS,packets,17199,Available
RS372,Z01,North Chennai,Food,packets,1760,In Transit
RS373,Z03,Adyar,Food,packets,11692,Available
RS374,Z02,Central Chennai,Medicine,kits,5254,Available
RS375,Z05,South-West Chennai,ORS,packets,6214,In Transit
RS376,Z03,Adyar,Blankets,units,6157,Available
RS377,Z04,Velachery,Water,litres,6188,Available
RS378,Z03,Adyar,Blankets,units,18770,Available
RS379,Z03,Adyar,ORS,packets,3310,Reserved
RS380,Z04,Velachery,Blankets,units,3125,Available
RS381,Z05,South-West Chennai,Blankets,units,9558,In Transit
RS382,Z01,North Chennai,Food,packets,13380,Available
RS383,Z04,Velachery,Water,litres,12249,Available
RS384,Z02,Central Chennai,Blankets,units,19591,In Transit
RS385,Z01,North Chennai,Medicine,kits,13924,Available
RS386,Z01,North Chennai,Blankets,units,6865,Available
RS387,Z04,Velachery,Food,packets,11818,Available
RS388,Z03,Adyar,Medicine,kits,844,Available
RS389,Z04,Velachery,ORS,packets,11625,Reserved
RS390,Z04,Velachery,Blankets,units,2357,Available
RS391,Z03,Adyar,Food,packets,15206,In Transit
RS392,Z01,North Chennai,Medicine,kits,8969,Available
RS393,Z02,Central Chennai,ORS,packets,15602,Reserved
RS394,Z04,Velachery,Water,litres,4863,Available
RS395,Z02,Central Chennai,Water,litres,4138,Reserved
RS396,Z04,Velachery,Water,litres,7448,Available
RS397,Z03,Adyar,Water,litres,2736,Available
RS398,Z05,South-West Chennai,Food,packets,17908,Available
RS399,Z03,Adyar,Water,litres,18591,Reserved
RS400,Z02,Central Chennai,Medicine,kits,16603,Available
RS401,Z05,South-West Chennai,ORS,packets,7568,Available
RS402,Z02,Central Chennai,Food,packets,7058,Available
RS403,Z01,North Chennai,Water,litres,12678,Reserved
RS404,Z04,Velachery,ORS,packets,4502,Available
RS405,Z05,South-West Chennai,Food,packets,9755,Available
RS406,Z03,Adyar,Food,packets,5663,In Transit
RS407,Z04,Velachery,Food,packets,5209,In Transit
RS408,Z01,North Chennai,Food,packets,4291,In Transit
RS409,Z01,North Chennai,Medicine,kits,19378,Available
RS410,Z01,North Chennai,Medicine,kits,9737,In Transit
RS411,Z02,Central Chennai,Blankets,units,17867,Available
RS412,Z03,Adyar,Medicine,kits,8209,Reserved
RS413,Z05,South-West Chennai,Blankets,units,3561,Available
RS414,Z03,Adyar,Water,litres,9585,Available
RS415,Z03,Adyar,Food,packets,8628,Available
RS416,Z05,South-West Chennai,Medicine,kits,18964,Reserved
RS417,Z04,Velachery,Food,packets,18504,In Transit
RS418,Z04,Velachery,Food,packets,12347,Available
RS419,Z01,North Chennai,Food,packets,19119,Available
RS420,Z02,Central Chennai,ORS,packets,6031,Available
RS421,Z05,South-West Chennai,Medicine,kits,7699,Available
RS422,Z01,North Chennai,Food,packets,11607,Reserved
RS423,Z03,Adyar,ORS,packets,9775,Available
RS424,Z04,Velachery,ORS,packets,2361,Available
RS425,Z05,South-West Chennai,Water,litres,16045,Available
RS426,Z03,Adyar,Medicine,kits,2702,Available
RS427,Z03,Adyar,Blankets,units,19165,Reserved
RS428,Z01,North Chennai,Food,packets,10657,Available
RS429,Z02,Central Chennai,Food,packets,4859,In Transit
RS430,Z05,South-West Chennai,Blankets,units,11936,Available
RS431,Z02,Central Chennai,Water,litres,1026,Available
RS432,Z03,Adyar,Food,packets,9368,In Transit
RS433,Z05,South-West Chennai,Food,packets,3319,Available
RS434,Z04,Velachery,Water,litres,3071,Reserved
RS435,Z02,Central Chennai,Water,litres,19211,Available
RS436,Z01,North Chennai,Food,packets,9292,Available
RS437,Z01,North Chennai,Medicine,kits,7484,Available
RS438,Z05,South-West Chennai,Medicine,kits,7061,Available
RS439,Z03,Adyar,Food,packets,9141,Available
RS440,Z02,Central Chennai,Medicine,kits,2460,Reserved
RS441,Z01,North Chennai,Food,packets,15755,Available
RS442,Z01,North Chennai,Medicine,kits,19222,Available
RS443,Z05,South-West Chennai,Water,litres,1560,In Transit
RS444,Z05,South-West Chennai,Water,litres,15341,Available
RS445,Z01,North Chennai,Water,litres,5275,Available
RS446,Z02,Central Chennai,Water,litres,18975,Available
RS447,Z02,Central Chennai,Medicine,kits,6598,Available
RS448,Z05,South-West Chennai,Food,packets,6896,Reserved
RS449,Z03,Adyar,Medicine,kits,6109,Available
RS450,Z05,South-West Chennai,Water,litres,8184,In Transit
RS451,Z01,North Chennai,Water,litres,9230,Available
RS452,Z04,Velachery,Food,packets,5120,Available
RS453,Z03,Adyar,Medicine,kits,11656,In Transit
RS454,Z05,South-West Chennai,Food,packets,14604,Available
RS455,Z01,North Chennai,Medicine,kits,2771,Reserved
RS456,Z03,Adyar,Water,litres,12728,Available
RS457,Z02,Central Chennai,Blankets,units,13404,Reserved
RS458,Z05,South-West Chennai,Medicine,kits,11316,Available
RS459,Z04,Velachery,Food,packets,11682,Available
RS460,Z03,Adyar,Medicine,kits,1846,Available
RS461,Z02,Central Chennai,Food,packets,19172,Available
RS462,Z02,Central Chennai,Medicine,kits,13780,Reserved
RS463,Z05,South-West Chennai,Food,packets,9534,Available
RS464,Z01,North Chennai,Medicine,kits,15290,Available
RS465,Z02,Central Chennai,Medicine,kits,3745,Available
RS466,Z05,South-West Chennai,Food,packets,15714,Available
RS467,Z03,Adyar,Water,litres,11715,In Transit
RS468,Z01,North Chennai,Food,packets,17588,In Transit
RS469,Z05,South-West Chennai,Water,litres,17952,Available
RS470,Z02,Central Chennai,Food,packets,1811,Available
RS471,Z04,Velachery,Blankets,units,16813,Available
RS472,Z03,Adyar,Food,packets,15394,In Transit
RS473,Z04,Velachery,ORS,packets,7976,Available
RS474,Z05,South-West Chennai,Blankets,units,14481,Available
RS475,Z03,Adyar,Medicine,kits,11875,In Transit
RS476,Z05,South-West Chennai,Water,litres,12301,Reserved
RS477,Z03,Adyar,Water,litres,10120,Available
RS478,Z05,South-West Chennai,Medicine,kits,11657,Available
RS479,Z02,Central Chennai,Water,litres,10531,Available
RS480,Z03,Adyar,Water,litres,11322,Available
RS481,Z02,Central Chennai,Food,packets,16243,Available
RS482,Z04,Velachery,Water,litres,18474,In Transit
RS483,Z02,Central Chennai,Medicine,kits,12676,Reserved
RS484,Z04,Velachery,Water,litres,9326,In Transit
RS485,Z05,South-West Chennai,Food,packets,2475,Available
RS486,Z04,Velachery,Blankets,units,16399,Reserved
RS487,Z03,Adyar,Blankets,units,16988,Available
RS488,Z04,Velachery,Blankets,units,5290,In Transit
RS489,Z02,Central Chennai,Water,litres,16626,In Transit
RS490,Z04,Velachery,ORS,packets,8244,In Transit
RS491,Z02,Central Chennai,Food,packets,13650,Reserved
RS492,Z01,North Chennai,Water,litres,3321,Available
RS493,Z03,Adyar,Water,litres,2867,Available
RS494,Z03,Adyar,Medicine,kits,9654,Reserved
RS495,Z02,Central Chennai,Water,litres,4299,Available
RS496,Z04,Velachery,Blankets,units,5894,Available
RS497,Z03,Adyar,Food,packets,9802,In Transit
RS498,Z03,Adyar,Food,packets,19593,Available
RS499,Z02,Central Chennai,Medicine,kits,14405,Available
RS500,Z01,North Chennai,ORS,packets,16771,In Transit
