building_id,name,zone_id,latitude,longitude,capacity,building_type,availability,temporary_shelter_eligible
PUB-001,Public Building / School 001,Z01,13.122629,80.276888,627,School,Partially Available,Yes
PUB-002,Public Building / School 002,Z02,13.069672,80.280216,382,School,Available,Yes
PUB-003,Public Building / School 003,Z03,13.022501,80.243869,310,Corporation Building,Occupied,Yes
PUB-004,Public Building / School 004,Z04,12.968474,80.226584,1301,College,Partially Available,Yes
PUB-005,Public Building / School 005,Z05,13.010062,80.188546,717,Corporation Building,Available,No
PUB-006,Public Building / School 006,Z01,13.118275,80.28836,1230,School,Occupied,Yes
PUB-007,Public Building / School 007,Z02,13.066645,80.277015,1711,School,Available,Yes
PUB-008,Public Building / School 008,Z03,13.025433,80.301057,1538,Community Hall,Occupied,Yes
PUB-009,Public Building / School 009,Z04,12.984123,80.194838,819,Corporation Building,Partially Available,Yes
PUB-010,Public Building / School 010,Z05,13.029361,80.1735,1012,Corporation Building,Available,Yes
PUB-011,Public Building / School 011,Z01,13.132881,80.281133,1245,School,Available,Yes
PUB-012,Public Building / School 012,Z02,13.061719,80.271519,1287,School,Available,Yes
PUB-013,Public Building / School 013,Z03,13.01148,80.267027,302,School,Available,Yes
PUB-014,Public Building / School 014,Z04,12.989108,80.22485,1496,Community Hall,Occupied,Yes
PUB-015,Public Building / School 015,Z05,13.019324,80.186486,289,Corporation Building,Partially Available,Yes
PUB-016,Public Building / School 016,Z01,13.112176,80.291485,579,School,Occupied,Yes
PUB-017,Public Building / School 017,Z02,13.074053,80.263419,1459,College,Available,No
PUB-018,Public Building / School 018,Z03,13.01426,80.246603,1487,School,Occupied,No
PUB-019,Public Building / School 019,Z04,12.989091,80.232561,1352,Community Hall,Partially Available,Yes
PUB-020,Public Building / School 020,Z05,13.035723,80.173258,1350,Community Hall,Partially Available,Yes
PUB-021,Public Building / School 021,Z01,13.103852,80.298339,758,School,Available,Yes
PUB-022,Public Building / School 022,Z02,13.078417,80.28941,1728,School,Available,Yes
PUB-023,Public Building / School 023,Z03,13.018068,80.269482,641,School,Available,Yes
PUB-024,Public Building / School 024,Z04,12.993127,80.233691,615,School,Partially Available,Yes
PUB-025,Public Building / School 025,Z05,13.021992,80.178454,1756,Community Hall,Available,Yes
PUB-026,Public Building / School 026,Z01,13.107128,80.279451,1683,Corporation Building,Partially Available,Yes
PUB-027,Public Building / School 027,Z02,13.060708,80.2642,572,Corporation Building,Partially Available,Yes
PUB-028,Public Building / School 028,Z03,13.011342,80.252436,595,Corporation Building,Available,No
PUB-029,Public Building / School 029,Z04,12.959512,80.194413,1408,College,Available,No
PUB-030,Public Building / School 030,Z05,13.026673,80.184532,1299,College,Available,Yes
PUB-031,Public Building / School 031,Z01,13.119092,80.30334,1248,College,Available,No
PUB-032,Public Building / School 032,Z02,13.059693,80.286318,1231,College,Available,Yes
PUB-033,Public Building / School 033,Z03,12.996778,80.273329,1315,School,Available,No
PUB-034,Public Building / School 034,Z04,12.99813,80.18773,775,Community Hall,Occupied,No
PUB-035,Public Building / School 035,Z05,13.023455,80.190423,1140,School,Available,Yes
PUB-036,Public Building / School 036,Z01,13.133377,80.281739,650,School,Available,No
PUB-037,Public Building / School 037,Z02,13.070133,80.256595,1168,College,Partially Available,Yes
PUB-038,Public Building / School 038,Z03,12.995787,80.251473,1765,School,Occupied,Yes
PUB-039,Public Building / School 039,Z04,12.998857,80.215439,298,College,Available,Yes
PUB-040,Public Building / School 040,Z05,13.010775,80.201806,646,College,Partially Available,Yes
PUB-041,Public Building / School 041,Z01,13.117424,80.265268,687,College,Available,Yes
PUB-042,Public Building / School 042,Z02,13.087111,80.276216,962,Community Hall,Available,Yes
PUB-043,Public Building / School 043,Z03,12.9902,80.265931,433,School,Available,Yes
PUB-044,Public Building / School 044,Z04,12.9758,80.204404,1555,School,Available,Yes
PUB-045,Public Building / School 045,Z05,13.043585,80.185447,993,Corporation Building,Available,Yes
PUB-046,Public Building / School 046,Z01,13.136328,80.292495,1798,College,Partially Available,Yes
PUB-047,Public Building / School 047,Z02,13.070509,80.281121,555,School,Occupied,Yes
PUB-048,Public Building / School 048,Z03,12.986579,80.266716,1225,School,Available,Yes
PUB-049,Public Building / School 049,Z04,12.996151,80.201086,497,College,Available,Yes
PUB-050,Public Building / School 050,Z05,13.016858,80.154387,391,College,Available,No
PUB-051,Public Building / School 051,Z01,13.151058,80.26832,841,School,Available,Yes
PUB-052,Public Building / School 052,Z02,13.088747,80.279288,260,Corporation Building,Available,Yes
PUB-053,Public Building / School 053,Z03,13.035728,80.253349,1227,School,Available,Yes
PUB-054,Public Building / School 054,Z04,12.984054,80.217717,811,College,Available,Yes
PUB-055,Public Building / School 055,Z05,13.011279,80.155617,735,School,Available,Yes
PUB-056,Public Building / School 056,Z01,13.108728,80.277193,347,School,Occupied,Yes
PUB-057,Public Building / School 057,Z02,13.079648,80.265674,1396,School,Available,Yes
PUB-058,Public Building / School 058,Z03,13.03251,80.265264,784,School,Partially Available,No
PUB-059,Public Building / School 059,Z04,12.986922,80.207579,1289,Corporation Building,Occupied,Yes
PUB-060,Public Building / School 060,Z05,13.038481,80.196916,1668,College,Available,No
PUB-061,Public Building / School 061,Z01,13.127663,80.281701,1183,Community Hall,Available,Yes
PUB-062,Public Building / School 062,Z02,13.074658,80.255229,661,School,Available,Yes
PUB-063,Public Building / School 063,Z03,12.997365,80.263691,827,Corporation Building,Partially Available,Yes
PUB-064,Public Building / School 064,Z04,13.002209,80.218063,681,Community Hall,Occupied,No
PUB-065,Public Building / School 065,Z05,12.997824,80.184159,1326,School,Partially Available,Yes
PUB-066,Public Building / School 066,Z01,13.106746,80.278445,429,Corporation Building,Occupied,Yes
PUB-067,Public Building / School 067,Z02,13.08501,80.291221,519,Community Hall,Available,Yes
PUB-068,Public Building / School 068,Z03,12.998047,80.256889,762,College,Occupied,Yes
PUB-069,Public Building / School 069,Z04,12.997764,80.213016,734,School,Partially Available,Yes
PUB-070,Public Building / School 070,Z05,13.031044,80.173544,856,Corporation Building,Occupied,Yes
PUB-071,Public Building / School 071,Z01,13.120586,80.298766,808,School,Available,Yes
PUB-072,Public Building / School 072,Z02,13.065309,80.287994,215,School,Occupied,Yes
PUB-073,Public Building / School 073,Z03,12.998437,80.28776,998,College,Occupied,Yes
PUB-074,Public Building / School 074,Z04,12.991557,80.219827,1335,School,Available,Yes
PUB-075,Public Building / School 075,Z05,13.011121,80.157248,528,School,Available,Yes
PUB-076,Public Building / School 076,Z01,13.126973,80.315349,1165,School,Available,Yes
PUB-077,Public Building / School 077,Z02,13.084686,80.246226,227,Community Hall,Available,Yes
PUB-078,Public Building / School 078,Z03,12.999868,80.236717,507,School,Available,Yes
PUB-079,Public Building / School 079,Z04,12.98941,80.214315,1404,School,Available,Yes
PUB-080,Public Building / School 080,Z05,13.020027,80.191522,1192,Corporation Building,Available,Yes
PUB-081,Public Building / School 081,Z01,13.117805,80.275914,1608,School,Occupied,Yes
PUB-082,Public Building / School 082,Z02,13.05306,80.276884,351,School,Available,Yes
PUB-083,Public Building / School 083,Z03,13.003015,80.254475,1266,School,Partially Available,Yes
PUB-084,Public Building / School 084,Z04,12.987834,80.206798,746,Corporation Building,Available,Yes
PUB-085,Public Building / School 085,Z05,13.018776,80.183521,1315,School,Available,Yes
PUB-086,Public Building / School 086,Z01,13.131877,80.275268,439,Community Hall,Partially Available,No
PUB-087,Public Building / School 087,Z02,13.05325,80.27354,1655,School,Available,No
PUB-088,Public Building / School 088,Z03,13.00276,80.255203,1596,School,Available,Yes
PUB-089,Public Building / School 089,Z04,12.991261,80.219187,1743,School,Available,Yes
PUB-090,Public Building / School 090,Z05,13.025257,80.163831,409,Corporation Building,Available,No
PUB-091,Public Building / School 091,Z01,13.101915,80.296432,1464,School,Available,Yes
PUB-092,Public Building / School 092,Z02,13.069255,80.2618,268,Community Hall,Available,Yes
PUB-093,Public Building / School 093,Z03,12.999605,80.256472,1007,School,Available,No
PUB-094,Public Building / School 094,Z04,12.984122,80.200523,1385,School,Available,Yes
PUB-095,Public Building / School 095,Z05,13.035913,80.174612,771,School,Occupied,No
PUB-096,Public Building / School 096,Z01,13.101276,80.282839,1533,Community Hall,Partially Available,Yes
PUB-097,Public Building / School 097,Z02,13.061707,80.272758,1004,School,Available,Yes
PUB-098,Public Building / School 098,Z03,13.000466,80.265566,504,School,Available,Yes
PUB-099,Public Building / School 099,Z04,12.972355,80.197585,1543,School,Available,Yes
PUB-100,Public Building / School 100,Z05,13.023964,80.194784,432,College,Partially Available,Yes
PUB-101,Public Building / School 101,Z01,13.114811,80.27619,590,Community Hall,Available,Yes
PUB-102,Public Building / School 102,Z02,13.084368,80.277093,1313,College,Partially Available,No
PUB-103,Public Building / School 103,Z03,12.990999,80.265841,1588,School,Available,Yes
PUB-104,Public Building / School 104,Z04,12.965387,80.221993,611,School,Available,Yes
PUB-105,Public Building / School 105,Z05,13.033375,80.175351,333,Community Hall,Available,Yes
PUB-106,Public Building / School 106,Z01,13.118619,80.300466,783,College,Available,Yes
PUB-107,Public Building / School 107,Z02,13.079632,80.259048,210,School,Occupied,Yes
PUB-108,Public Building / School 108,Z03,13.028389,80.250528,523,Corporation Building,Available,Yes
PUB-109,Public Building / School 109,Z04,12.978435,80.210374,645,School,Available,Yes
PUB-110,Public Building / School 110,Z05,13.027104,80.190357,460,College,Available,No
PUB-111,Public Building / School 111,Z01,13.125846,80.296436,998,Community Hall,Available,No
PUB-112,Public Building / School 112,Z02,13.069606,80.272301,595,Corporation Building,Available,Yes
PUB-113,Public Building / School 113,Z03,13.007603,80.282228,710,Community Hall,Available,Yes
PUB-114,Public Building / School 114,Z04,12.98069,80.216069,689,School,Partially Available,Yes
PUB-115,Public Building / School 115,Z05,13.028794,80.205928,456,College,Available,No
PUB-116,Public Building / School 116,Z01,13.110609,80.264527,724,Community Hall,Partially Available,Yes
PUB-117,Public Building / School 117,Z02,13.075178,80.278381,1767,School,Partially Available,No
PUB-118,Public Building / School 118,Z03,13.011725,80.25448,1347,College,Available,No
PUB-119,Public Building / School 119,Z04,12.973805,80.190634,911,Corporation Building,Available,Yes
PUB-120,Public Building / School 120,Z05,13.030954,80.193318,1299,School,Available,Yes
PUB-121,Public Building / School 121,Z01,13.137725,80.266176,914,Community Hall,Partially Available,No
PUB-122,Public Building / School 122,Z02,13.077155,80.287827,890,School,Available,Yes
PUB-123,Public Building / School 123,Z03,13.019331,80.257778,265,College,Partially Available,Yes
PUB-124,Public Building / School 124,Z04,12.979156,80.205315,522,School,Available,Yes
PUB-125,Public Building / School 125,Z05,13.027076,80.209054,796,School,Partially Available,Yes
PUB-126,Public Building / School 126,Z01,13.12478,80.270752,1794,Corporation Building,Occupied,No
PUB-127,Public Building / School 127,Z02,13.098253,80.261175,1180,School,Available,Yes
PUB-128,Public Building / School 128,Z03,12.999612,80.243631,912,School,Partially Available,Yes
PUB-129,Public Building / School 129,Z04,12.995314,80.228095,868,Corporation Building,Available,Yes
PUB-130,Public Building / School 130,Z05,13.003544,80.161248,1497,School,Available,Yes
PUB-131,Public Building / School 131,Z01,13.118079,80.309357,880,School,Available,No
PUB-132,Public Building / School 132,Z02,13.084674,80.268427,281,School,Available,Yes
PUB-133,Public Building / School 133,Z03,13.002725,80.267236,226,School,Available,No
PUB-134,Public Building / School 134,Z04,12.971322,80.208852,1320,Corporation Building,Occupied,No
PUB-135,Public Building / School 135,Z05,13.00359,80.18909,1022,School,Available,No
PUB-136,Public Building / School 136,Z01,13.1351,80.282506,879,School,Available,Yes
PUB-137,Public Building / School 137,Z02,13.0838,80.27115,1669,College,Partially Available,Yes
PUB-138,Public Building / School 138,Z03,13.005166,80.245426,1027,School,Occupied,Yes
PUB-139,Public Building / School 139,Z04,12.985866,80.19039,1105,School,Occupied,Yes
PUB-140,Public Building / School 140,Z05,13.024489,80.171271,1241,School,Available,Yes
PUB-141,Public Building / School 141,Z01,13.127604,80.296505,1716,Corporation Building,Available,Yes
PUB-142,Public Building / School 142,Z02,13.063047,80.260948,1628,Corporation Building,Available,No
PUB-143,Public Building / School 143,Z03,13.018082,80.249274,1300,School,Available,Yes
PUB-144,Public Building / School 144,Z04,12.987871,80.22914,768,School,Occupied,Yes
PUB-145,Public Building / School 145,Z05,13.001374,80.192119,1129,College,Available,Yes
PUB-146,Public Building / School 146,Z01,13.132944,80.26803,1005,Corporation Building,Available,Yes
PUB-147,Public Building / School 147,Z02,13.078531,80.285568,1045,School,Available,Yes
PUB-148,Public Building / School 148,Z03,12.999885,80.267893,603,Community Hall,Partially Available,Yes
PUB-149,Public Building / School 149,Z04,12.98789,80.192129,514,Community Hall,Available,No
PUB-150,Public Building / School 150,Z05,13.027203,80.172892,318,School,Occupied,Yes
PUB-151,Public Building / School 151,Z01,13.109142,80.276631,1290,Corporation Building,Available,Yes
PUB-152,Public Building / School 152,Z02,13.071062,80.281678,777,College,Available,Yes
PUB-153,Public Building / School 153,Z03,12.999886,80.270649,726,School,Available,No
PUB-154,Public Building / School 154,Z04,12.975149,80.221744,240,College,Partially Available,No
PUB-155,Public Building / School 155,Z05,13.017809,80.169128,1301,Community Hall,Available,Yes
PUB-156,Public Building / School 156,Z01,13.103626,80.272693,470,Corporation Building,Available,No
PUB-157,Public Building / School 157,Z02,13.059307,80.268651,1094,School,Occupied,Yes
PUB-158,Public Building / School 158,Z03,13.013328,80.254265,1248,School,Available,No
PUB-159,Public Building / School 159,Z04,12.968847,80.216428,1214,Community Hall,Occupied,Yes
PUB-160,Public Building / School 160,Z05,13.022981,80.187003,1468,Community Hall,Available,No
PUB-161,Public Building / School 161,Z01,13.126369,80.269048,1672,School,Occupied,Yes
PUB-162,Public Building / School 162,Z02,13.094595,80.281504,1708,Community Hall,Available,Yes
PUB-163,Public Building / School 163,Z03,13.026972,80.249972,677,School,Available,Yes
PUB-164,Public Building / School 164,Z04,12.985697,80.206902,311,Corporation Building,Occupied,No
PUB-165,Public Building / School 165,Z05,13.026238,80.178306,1275,School,Available,Yes
PUB-166,Public Building / School 166,Z01,13.11882,80.291512,206,School,Available,No
PUB-167,Public Building / School 167,Z02,13.059612,80.277709,1585,Community Hall,Occupied,Yes
PUB-168,Public Building / School 168,Z03,12.996828,80.251356,645,Corporation Building,Partially Available,Yes
PUB-169,Public Building / School 169,Z04,12.977936,80.221443,411,College,Available,No
PUB-170,Public Building / School 170,Z05,13.002088,80.188882,1196,School,Occupied,Yes
PUB-171,Public Building / School 171,Z01,13.129372,80.272492,418,Community Hall,Partially Available,Yes
PUB-172,Public Building / School 172,Z02,13.073108,80.270255,236,School,Available,Yes
PUB-173,Public Building / School 173,Z03,13.025308,80.27138,1654,School,Available,No
PUB-174,Public Building / School 174,Z04,12.969085,80.201283,1280,College,Available,Yes
PUB-175,Public Building / School 175,Z05,12.998829,80.175351,1436,School,Occupied,No
PUB-176,Public Building / School 176,Z01,13.141605,80.284856,536,Corporation Building,Available,Yes
PUB-177,Public Building / School 177,Z02,13.079241,80.270743,252,School,Available,No
PUB-178,Public Building / School 178,Z03,13.009488,80.238806,640,School,Available,Yes
PUB-179,Public Building / School 179,Z04,12.98577,80.234543,733,School,Available,Yes
PUB-180,Public Building / School 180,Z05,13.030253,80.164546,1079,School,Occupied,Yes
PUB-181,Public Building / School 181,Z01,13.108616,80.314522,1570,College,Available,Yes
PUB-182,Public Building / School 182,Z02,13.088551,80.257733,1607,Community Hall,Available,Yes
PUB-183,Public Building / School 183,Z03,13.008374,80.243306,969,College,Available,No
PUB-184,Public Building / School 184,Z04,12.956247,80.212456,1267,School,Occupied,Yes
PUB-185,Public Building / School 185,Z05,13.035271,80.169265,1630,School,Available,Yes
PUB-186,Public Building / School 186,Z01,13.108629,80.278872,572,College,Available,Yes
PUB-187,Public Building / School 187,Z02,13.080817,80.262219,1689,Corporation Building,Partially Available,Yes
PUB-188,Public Building / School 188,Z03,13.003459,80.252191,756,Community Hall,Available,No
PUB-189,Public Building / School 189,Z04,12.986196,80.223764,1717,School,Partially Available,Yes
PUB-190,Public Building / School 190,Z05,13.010803,80.159737,1110,College,Occupied,Yes
PUB-191,Public Building / School 191,Z01,13.133979,80.291601,1024,College,Occupied,Yes
PUB-192,Public Building / School 192,Z02,13.081283,80.274931,1399,School,Available,Yes
PUB-193,Public Building / School 193,Z03,13.016974,80.248425,205,College,Partially Available,Yes
PUB-194,Public Building / School 194,Z04,12.97777,80.199867,1238,School,Partially Available,Yes
PUB-195,Public Building / School 195,Z05,13.029693,80.170596,1665,School,Partially Available,No
PUB-196,Public Building / School 196,Z01,13.122161,80.284876,1797,Corporation Building,Available,Yes
PUB-197,Public Building / School 197,Z02,13.081559,80.281007,1359,School,Occupied,Yes
PUB-198,Public Building / School 198,Z03,13.023208,80.2639,880,School,Available,No
PUB-199,Public Building / School 199,Z04,12.99592,80.205422,1620,School,Partially Available,Yes
PUB-200,Public Building / School 200,Z05,13.006248,80.183323,449,School,Occupied,Yes
